"大类","来源表","序号","原始字段","归一化字段","建议归属实体","数据属性","主要生产方式","时间变化性","审计要求","敏感级","AI适用性","数据校验","建议存储方式","使用层级","用途体系"
"整体管控类","个人事务管控表","1","工时计划与登记","工时计划与登记","WorkItem / Worklog","业务事实/描述","个人录入 + 系统时间戳","按业务事件更新","普通变更历史","低/按记录继承","可选AI辅助","类型校验 + 必填/唯一性按业务配置","对应领域实体的结构化字段","个人","流程性"
"整体管控类","个人事务管控表","2","事务起始时间","事务起始时间","WorkItem / Worklog","业务事实/描述","个人录入 + 系统时间戳","按业务事件更新","普通变更历史","低/按记录继承","可选AI辅助","类型校验 + 必填/唯一性按业务配置","对应领域实体的结构化字段","个人","流程性"
"整体管控类","个人事务管控表","3","部门","部门","Department","业务事实/描述","人工维护/系统派生","按业务事件更新","普通变更历史","低/按记录继承","可选AI辅助","类型校验 + 必填/唯一性按业务配置","对应领域实体的结构化字段","个人","流程性"
"整体管控类","个人事务管控表","4","项目号-项目名称","项目","Project / ProjectSolutionVersion","业务事实/描述","项目/研发/产品团队反馈","按业务事件更新","普通变更历史","低/按记录继承","可选AI辅助","类型校验 + 必填/唯一性按业务配置","对应领域实体的结构化字段","个人","流程性"
"整体管控类","个人事务管控表","5","流程号","流程号","WorkItem / Worklog","业务事实/描述","个人录入 + 系统时间戳","按业务事件更新","普通变更历史","低/按记录继承","可选AI辅助","类型校验 + 必填/唯一性按业务配置","对应领域实体的结构化字段","个人","流程性"
"整体管控类","个人事务管控表","6","耗时","实际耗时","WorkItem / Worklog","度量","个人录入 + 系统时间戳","按业务事件更新","普通变更历史","低/按记录继承","可选AI辅助","类型校验 + 必填/唯一性按业务配置","对应领域实体的结构化字段","个人","流程性"
"整体管控类","个人事务管控表","7","备注","备注","Generic / Context-specific","业务事实/描述","人工维护/系统派生","按业务事件更新","普通变更历史","低/按记录继承","可选AI辅助","类型校验 + 必填/唯一性按业务配置","视图本地字段或CustomField；达到高频阈值后实体化","个人","流程性"
"整体管控类","个人事务管控表","8","事务描述","事务描述","WorkItem / Worklog","业务事实/描述","个人录入 + 系统时间戳","按业务事件更新","普通变更历史","低/按记录继承","可选AI辅助","类型校验 + 必填/唯一性按业务配置","对应领域实体的结构化字段","个人","流程性"
"整体管控类","个人事务管控表","9","发起人","事务发起人","WorkItem / Worklog","业务事实/描述","个人录入 + 系统时间戳","按业务事件更新","普通变更历史","低/按记录继承","可选AI辅助","类型校验 + 必填/唯一性按业务配置","对应领域实体的结构化字段","个人","流程性"
"整体管控类","个人事务管控表","10","事务类型","事务类型","WorkItem / Worklog","业务事实/描述","个人录入 + 系统时间戳","按业务事件更新","普通变更历史","低/按记录继承","可选AI辅助","可配置枚举","对应领域实体的结构化字段","个人","流程性"
"整体管控类","项目进程表","1","项目号","项目编号","Project / ProjectSolutionVersion","标识/主数据","项目/研发/产品团队反馈","基本稳定/确认后近似不可变","普通变更历史","中","可选AI辅助","类型校验 + 必填/唯一性按业务配置","对应领域实体的结构化字段","部门","流程性"
"整体管控类","项目进程表","2","产品号","产品编号","Product / ProductCategory","标识/主数据","人工维护/系统派生","基本稳定/确认后近似不可变","普通变更历史","中","可选AI辅助","类型校验 + 必填/唯一性按业务配置","对应领域实体的结构化字段","部门","流程性"
"整体管控类","项目进程表","3","产品名称","产品名称","Product / ProductCategory","业务事实/描述","人工维护/系统派生","按业务事件更新","普通变更历史","低/按记录继承","可选AI辅助","类型校验 + 必填/唯一性按业务配置","对应领域实体的结构化字段","部门","流程性"
"整体管控类","项目进程表","4","产品类型","产品品类","Product / ProductCategory","业务事实/描述","人工维护/系统派生","按业务事件更新","普通变更历史","低/按记录继承","可选AI辅助","产品分类树引用","对应领域实体的结构化字段","部门","流程性"
"整体管控类","项目进程表","5","项目负责人","项目负责人","Project / ProjectSolutionVersion","业务事实/描述","项目/研发/产品团队反馈","按业务事件更新","普通变更历史","低/按记录继承","可选AI辅助","类型校验 + 必填/唯一性按业务配置","对应领域实体的结构化字段","部门","流程性"
"整体管控类","项目进程表","6","项目管理","项目管理","Project / ProjectSolutionVersion","业务事实/描述","项目/研发/产品团队反馈","按业务事件更新","普通变更历史","低/按记录继承","可选AI辅助","类型校验 + 必填/唯一性按业务配置","对应领域实体的结构化字段","部门","流程性"
"整体管控类","项目进程表","7","产品经理","产品经理","Project / ProjectSolutionVersion","业务事实/描述","项目/研发/产品团队反馈","按业务事件更新","普通变更历史","低/按记录继承","可选AI辅助","类型校验 + 必填/唯一性按业务配置","对应领域实体的结构化字段","部门","流程性"
"整体管控类","项目进程表","8","出货地区","出货地区","Generic / Context-specific","业务事实/描述","人工维护/系统派生","按业务事件更新","普通变更历史","低/按记录继承","可选AI辅助","类型校验 + 必填/唯一性按业务配置","视图本地字段或CustomField；达到高频阈值后实体化","部门","流程性"
"整体管控类","项目进程表","9","结构电子项目等級类型","研发专业/项目等级","Project / ProjectSolutionVersion","业务事实/描述","项目/研发/产品团队反馈","按业务事件更新","普通变更历史","低/按记录继承","可选AI辅助","类型校验 + 必填/唯一性按业务配置","对应领域实体的结构化字段","部门","流程性"
"整体管控类","项目进程表","10","继承产品型号","继承产品型号","Project / ProjectSolutionVersion","业务事实/描述","项目/研发/产品团队反馈","按业务事件更新","普通变更历史","低/按记录继承","可选AI辅助","类型校验 + 必填/唯一性按业务配置","对应领域实体的结构化字段","部门","流程性"
"整体管控类","项目进程表","11","项目当前阶段","项目阶段","Project / ProjectSolutionVersion","当前状态快照（应有事件历史）","项目/研发/产品团队反馈","高变化/事件驱动","普通变更历史","中","可选AI辅助","项目阶段状态机","当前快照字段 + 状态事件表（双层）","部门","流程性"
"整体管控类","项目进程表","12","产品图示","产品图示","Product / ProductCategory","引用/附件","人工维护/系统派生","按业务事件更新","普通变更历史","低/按记录继承","可选AI辅助","类型校验 + 必填/唯一性按业务配置","Attachment/Artifact实体 + 关联表","部门","流程性"
"整体管控类","项目进程表","13","预计出货时间","预计出货时间","Project / ProjectSolutionVersion","外部/业务事实","项目/研发/产品团队反馈","高变化/事件驱动","普通变更历史","低/按记录继承","可选AI辅助","类型校验 + 必填/唯一性按业务配置","对应领域实体的结构化字段","部门","流程性"
"整体管控类","风险会风险统计表","1","风险专利号（含同族）","风险专利关联","Relation / Link Entity","业务事实/描述","人工维护/系统派生","按业务事件更新","普通变更历史","低/按记录继承","可选AI辅助","类型校验 + 必填/唯一性按业务配置","关系表（多对多/带属性），禁止逗号拼接","部门","风险"
"整体管控类","风险会风险统计表","2","风险专利权人","专利权人","PatentDocument / PatentFamily / Party","业务事实/描述","外部数据库自动采集 + 人工校验","低频变化/版本化","普通变更历史","低/按记录继承","可选AI辅助","类型校验 + 必填/唯一性按业务配置","对应领域实体的结构化字段","部门","风险"
"整体管控类","风险会风险统计表","3","风险主题","风险主题","RiskCase / RiskAssessment / Mitigation","业务事实/描述","人工维护/系统派生","按业务事件更新","普通变更历史","中","可选AI辅助","类型校验 + 必填/唯一性按业务配置","对应领域实体的结构化字段","部门","风险"
"整体管控类","风险会风险统计表","4","风险等级","风险等级","RiskCase / RiskAssessment / Mitigation","专业判断/分析结论","专业人员人工判断（AI仅辅助）","高变化/事件驱动","强审计：旧值/新值/人/时间/原因/审批","中","AI可辅助，不得作为最终责任结论","枚举：无/低/中/高/关键（建议可配置）","对应领域实体的结构化字段","部门","风险"
"整体管控类","风险会风险统计表","5","发现原因","发现原因","RiskCase / RiskAssessment / Mitigation","业务事实/描述","人工维护/系统派生","按业务事件更新","普通变更历史","低/按记录继承","可选AI辅助","类型校验 + 必填/唯一性按业务配置","对应领域实体的结构化字段","部门","风险"
"整体管控类","风险会风险统计表","6","处理方式","处理方式","RiskCase / RiskAssessment / Mitigation","业务事实/描述","专业人员人工判断（AI仅辅助）","按业务事件更新","强审计：旧值/新值/人/时间/原因/审批","低/按记录继承","AI可辅助，不得作为最终责任结论","类型校验 + 必填/唯一性按业务配置","对应领域实体的结构化字段","部门","风险"
"整体管控类","风险会风险统计表","7","会议结论","会议决策结论","Meeting / Decision / Communication","正式决策事实","会议/领导正式确认","按业务事件更新","强审计：旧值/新值/人/时间/原因/审批","高","可选AI辅助","类型校验 + 必填/唯一性按业务配置","不可变Decision事件/版本记录","部门","风险"
"整体管控类","风险会风险统计表","8","会议时间","会议时间","Meeting / Decision / Communication","业务事实/描述","人工维护/系统派生","按业务事件更新","普通变更历史","低/按记录继承","可选AI辅助","类型校验 + 必填/唯一性按业务配置","对应领域实体的结构化字段","部门","风险"
"整体管控类","风险会风险统计表","9","会议决策人","会议决策人","Meeting / Decision / Communication","业务事实/描述","会议/领导正式确认","按业务事件更新","普通变更历史","低/按记录继承","可选AI辅助","类型校验 + 必填/唯一性按业务配置","对应领域实体的结构化字段","部门","风险"
"整体管控类","风险会风险统计表","10","专利跟踪负责人","专利跟踪负责人","Generic / Context-specific","业务事实/描述","人工维护/系统派生","按业务事件更新","普通变更历史","低/按记录继承","可选AI辅助","类型校验 + 必填/唯一性按业务配置","视图本地字段或CustomField；达到高频阈值后实体化","部门","风险"
"整体管控类","风险会风险统计表","11","分析报告","风险分析报告","Artifact / Attachment / Report","引用/附件","人工维护/系统派生","按业务事件更新","普通变更历史","低/按记录继承","可选AI辅助","类型校验 + 必填/唯一性按业务配置","Attachment/Artifact实体 + 关联表","部门","风险"
"整体管控类","风险会风险统计表","12","跟踪状态","跟踪状态","RiskCase / RiskAssessment / Mitigation","当前状态快照（应有事件历史）","人工维护/系统派生","高变化/事件驱动","普通变更历史","低/按记录继承","可选AI辅助","状态机","当前快照字段 + 状态事件表（双层）","部门","风险"
"整体管控类","风险会风险统计表","13","哪些项目相关","关联项目","Relation / Link Entity","业务事实/描述","人工维护/系统派生","按业务事件更新","普通变更历史","中","可选AI辅助","类型校验 + 必填/唯一性按业务配置","关系表（多对多/带属性），禁止逗号拼接","部门","风险"
"整体管控类","风险会风险统计表","14","规避状态","规避状态","RiskCase / RiskAssessment / Mitigation","当前状态快照（应有事件历史）","人工维护/系统派生","高变化/事件驱动","普通变更历史","低/按记录继承","可选AI辅助","状态机","当前快照字段 + 状态事件表（双层）","部门","风险"
"整体管控类","风险会风险统计表","15","样机证据事宜","样机证据事宜","RiskCase / RiskAssessment / Mitigation","业务事实/描述","人工维护/系统派生","按业务事件更新","普通变更历史","低/按记录继承","可选AI辅助","类型校验 + 必填/唯一性按业务配置","对应领域实体的结构化字段","部门","风险"
"整体管控类","风险会风险统计表","16","处置受阻原因","处置受阻原因","RiskCase / RiskAssessment / Mitigation","业务事实/描述","人工维护/系统派生","按业务事件更新","普通变更历史","低/按记录继承","可选AI辅助","类型校验 + 必填/唯一性按业务配置","对应领域实体的结构化字段","部门","风险"
"月度例会数据统计类","项目风险情况","1","风险主题","风险主题","RiskCase / RiskAssessment / Mitigation","业务事实/描述","人工维护/系统派生","按业务事件更新","普通变更历史","中","可选AI辅助","类型校验 + 必填/唯一性按业务配置","对应领域实体的结构化字段","部门","风险/分享阐释"
"月度例会数据统计类","项目风险情况","2","所涉项目","关联项目","Relation / Link Entity","业务事实/描述","人工维护/系统派生","按业务事件更新","普通变更历史","中","可选AI辅助","类型校验 + 必填/唯一性按业务配置","关系表（多对多/带属性），禁止逗号拼接","部门","风险/分享阐释"
"月度例会数据统计类","项目风险情况","3","风险专利号","风险专利关联","Relation / Link Entity","业务事实/描述","人工维护/系统派生","按业务事件更新","普通变更历史","低/按记录继承","可选AI辅助","类型校验 + 必填/唯一性按业务配置","关系表（多对多/带属性），禁止逗号拼接","部门","风险/分享阐释"
"月度例会数据统计类","项目风险情况","4","风险专利权人","专利权人","PatentDocument / PatentFamily / Party","业务事实/描述","外部数据库自动采集 + 人工校验","低频变化/版本化","普通变更历史","低/按记录继承","可选AI辅助","类型校验 + 必填/唯一性按业务配置","对应领域实体的结构化字段","部门","风险/分享阐释"
"月度例会数据统计类","项目风险情况","5","发现原因","发现原因","RiskCase / RiskAssessment / Mitigation","业务事实/描述","人工维护/系统派生","按业务事件更新","普通变更历史","低/按记录继承","可选AI辅助","类型校验 + 必填/唯一性按业务配置","对应领域实体的结构化字段","部门","风险/分享阐释"
"月度例会数据统计类","项目风险情况","6","发现时间","发现时间","RiskCase / RiskAssessment / Mitigation","业务事实/描述","人工维护/系统派生","按业务事件更新","普通变更历史","低/按记录继承","可选AI辅助","类型校验 + 必填/唯一性按业务配置","对应领域实体的结构化字段","部门","风险/分享阐释"
"月度例会数据统计类","项目风险情况","7","风险处置情况","风险处置情况","RiskCase / RiskAssessment / Mitigation","业务事实/描述","人工维护/系统派生","按业务事件更新","普通变更历史","低/按记录继承","可选AI辅助","类型校验 + 必填/唯一性按业务配置","对应领域实体的结构化字段","部门","风险/分享阐释"
"月度例会数据统计类","NEW项目风险会召开情况","1","项目号","项目编号","Project / ProjectSolutionVersion","标识/主数据","项目/研发/产品团队反馈","基本稳定/确认后近似不可变","普通变更历史","中","可选AI辅助","类型校验 + 必填/唯一性按业务配置","对应领域实体的结构化字段","部门","风险/流程性"
"月度例会数据统计类","NEW项目风险会召开情况","2","产品号","产品编号","Product / ProductCategory","标识/主数据","人工维护/系统派生","基本稳定/确认后近似不可变","普通变更历史","中","可选AI辅助","类型校验 + 必填/唯一性按业务配置","对应领域实体的结构化字段","部门","风险/流程性"
"月度例会数据统计类","NEW项目风险会召开情况","3","产品名称","产品名称","Product / ProductCategory","业务事实/描述","人工维护/系统派生","按业务事件更新","普通变更历史","低/按记录继承","可选AI辅助","类型校验 + 必填/唯一性按业务配置","对应领域实体的结构化字段","部门","风险/流程性"
"月度例会数据统计类","NEW项目风险会召开情况","4","是否召开过风险评估会","是否召开过风险评估会","Generic / Context-specific","业务事实/描述","人工维护/系统派生","按业务事件更新","普通变更历史","低/按记录继承","可选AI辅助","类型校验 + 必填/唯一性按业务配置","视图本地字段或CustomField；达到高频阈值后实体化","部门","风险/流程性"
"月度例会数据统计类","NEW项目风险会召开情况","5","风险评估会排查结果","会议/排查结论","Meeting / Decision / Communication","正式决策事实","人工维护/系统派生","按业务事件更新","普通变更历史","低/按记录继承","可选AI辅助","类型校验 + 必填/唯一性按业务配置","不可变Decision事件/版本记录","部门","风险/流程性"
"月度例会数据统计类","NEW项目挖掘情况","1","项目号","项目编号","Project / ProjectSolutionVersion","标识/主数据","项目/研发/产品团队反馈","基本稳定/确认后近似不可变","普通变更历史","中","可选AI辅助","类型校验 + 必填/唯一性按业务配置","对应领域实体的结构化字段","部门","布局"
"月度例会数据统计类","NEW项目挖掘情况","2","产品号","产品编号","Product / ProductCategory","标识/主数据","人工维护/系统派生","基本稳定/确认后近似不可变","普通变更历史","中","可选AI辅助","类型校验 + 必填/唯一性按业务配置","对应领域实体的结构化字段","部门","布局"
"月度例会数据统计类","NEW项目挖掘情况","3","挖掘主题","保护主题","ProtectionCase / FilingCase","业务事实/描述","人工维护/系统派生","按业务事件更新","强审计：旧值/新值/人/时间/原因/审批","高","可选AI辅助","类型校验 + 必填/唯一性按业务配置","对应领域实体的结构化字段","部门","布局"
"月度例会数据统计类","NEW项目挖掘情况","4","挖掘申请专利号","申请号","PatentDocument / PatentFamily / Party","标识/主数据","外部数据库自动采集 + 人工校验","基本稳定/确认后近似不可变","来源审计：数据源/抓取时间/原文证据","低/按记录继承","不宜AI生成；应结构化采集/规则计算","类型校验 + 必填/唯一性按业务配置","对应领域实体的结构化字段","部门","布局"
"月度例会数据统计类","NEW项目挖掘情况","5","布局国家","申请/布局国家","ProtectionCase / FilingCase","业务事实/描述","人工维护/系统派生","按业务事件更新","强审计：旧值/新值/人/时间/原因/审批","低/按记录继承","可选AI辅助","ISO国家/地区代码，多选用关联表","对应领域实体的结构化字段","部门","布局"
"月度例会数据统计类","NEW项目挖掘情况","6","当前法律状态","法律状态","PatentDocument / PatentFamily / Party","当前状态快照（应有事件历史）","外部数据库自动采集 + 人工校验","高变化/事件驱动","强审计：旧值/新值/人/时间/原因/审批","低/按记录继承","不宜AI生成；应结构化采集/规则计算","法域标准化状态映射 + 原始状态并存","当前快照字段 + 状态事件表（双层）","部门","布局"
"月度例会数据统计类","月度个人事务管理","1","事务描述","事务描述","WorkItem / Worklog","业务事实/描述","个人录入 + 系统时间戳","按业务事件更新","普通变更历史","低/按记录继承","可选AI辅助","类型校验 + 必填/唯一性按业务配置","对应领域实体的结构化字段","小组","流程性"
"月度例会数据统计类","月度个人事务管理","2","事务类型","事务类型","WorkItem / Worklog","业务事实/描述","个人录入 + 系统时间戳","按业务事件更新","普通变更历史","低/按记录继承","可选AI辅助","可配置枚举","对应领域实体的结构化字段","小组","流程性"
"月度例会数据统计类","月度个人事务管理","3","所涉部门","部门","Department","业务事实/描述","人工维护/系统派生","按业务事件更新","普通变更历史","低/按记录继承","可选AI辅助","类型校验 + 必填/唯一性按业务配置","对应领域实体的结构化字段","小组","流程性"
"月度例会数据统计类","月度个人事务管理","4","及时与否","及时与否","WorkItem / Worklog","业务事实/描述","个人录入 + 系统时间戳","按业务事件更新","普通变更历史","低/按记录继承","可选AI辅助","类型校验 + 必填/唯一性按业务配置","对应领域实体的结构化字段","小组","流程性"
"月度例会数据统计类","月度个人事务管理","5","事务申请人","事务发起人","WorkItem / Worklog","业务事实/描述","个人录入 + 系统时间戳","按业务事件更新","普通变更历史","低/按记录继承","可选AI辅助","类型校验 + 必填/唯一性按业务配置","对应领域实体的结构化字段","小组","流程性"
"月度例会数据统计类","月度个人事务管理","6","接收时间","接收时间","WorkItem / Worklog","业务事实/描述","个人录入 + 系统时间戳","按业务事件更新","普通变更历史","低/按记录继承","可选AI辅助","类型校验 + 必填/唯一性按业务配置","对应领域实体的结构化字段","小组","流程性"
"月度例会数据统计类","月度个人事务管理","7","完成时间","完成时间","WorkItem / Worklog","业务事实/描述","个人录入 + 系统时间戳","按业务事件更新","普通变更历史","低/按记录继承","可选AI辅助","类型校验 + 必填/唯一性按业务配置","对应领域实体的结构化字段","小组","流程性"
"月度例会数据统计类","待完成的任务","1","事务描述","事务描述","WorkItem / Worklog","业务事实/描述","个人录入 + 系统时间戳","按业务事件更新","普通变更历史","低/按记录继承","可选AI辅助","类型校验 + 必填/唯一性按业务配置","对应领域实体的结构化字段","个人/小组","流程性"
"月度例会数据统计类","待完成的任务","2","事务类型","事务类型","WorkItem / Worklog","业务事实/描述","个人录入 + 系统时间戳","按业务事件更新","普通变更历史","低/按记录继承","可选AI辅助","可配置枚举","对应领域实体的结构化字段","个人/小组","流程性"
"月度例会数据统计类","待完成的任务","3","所涉部门","部门","Department","业务事实/描述","人工维护/系统派生","按业务事件更新","普通变更历史","低/按记录继承","可选AI辅助","类型校验 + 必填/唯一性按业务配置","对应领域实体的结构化字段","个人/小组","流程性"
"月度例会数据统计类","待完成的任务","4","及时与否","及时与否","WorkItem / Worklog","业务事实/描述","个人录入 + 系统时间戳","按业务事件更新","普通变更历史","低/按记录继承","可选AI辅助","类型校验 + 必填/唯一性按业务配置","对应领域实体的结构化字段","个人/小组","流程性"
"月度例会数据统计类","待完成的任务","5","事务申请人","事务发起人","WorkItem / Worklog","业务事实/描述","个人录入 + 系统时间戳","按业务事件更新","普通变更历史","低/按记录继承","可选AI辅助","类型校验 + 必填/唯一性按业务配置","对应领域实体的结构化字段","个人/小组","流程性"
"月度例会数据统计类","待完成的任务","6","预计完成耗时","预计耗时","WorkItem / Worklog","度量","个人录入 + 系统时间戳","按业务事件更新","普通变更历史","低/按记录继承","可选AI辅助","类型校验 + 必填/唯一性按业务配置","对应领域实体的结构化字段","个人/小组","流程性"
"年度半年度数据统计类","品类我司专利申请类","1","项目号","项目编号","Project / ProjectSolutionVersion","标识/主数据","项目/研发/产品团队反馈","基本稳定/确认后近似不可变","普通变更历史","中","可选AI辅助","类型校验 + 必填/唯一性按业务配置","对应领域实体的结构化字段","部门","布局"
"年度半年度数据统计类","品类我司专利申请类","2","产品号","产品编号","Product / ProductCategory","标识/主数据","人工维护/系统派生","基本稳定/确认后近似不可变","普通变更历史","中","可选AI辅助","类型校验 + 必填/唯一性按业务配置","对应领域实体的结构化字段","部门","布局"
"年度半年度数据统计类","品类我司专利申请类","3","产品名称","产品名称","Product / ProductCategory","业务事实/描述","人工维护/系统派生","按业务事件更新","普通变更历史","低/按记录继承","可选AI辅助","类型校验 + 必填/唯一性按业务配置","对应领域实体的结构化字段","部门","布局"
"年度半年度数据统计类","品类我司专利申请类","4","申请保护主题","保护主题","ProtectionCase / FilingCase","业务事实/描述","人工维护/系统派生","按业务事件更新","强审计：旧值/新值/人/时间/原因/审批","高","可选AI辅助","类型校验 + 必填/唯一性按业务配置","对应领域实体的结构化字段","部门","布局"
"年度半年度数据统计类","品类我司专利申请类","5","申请专利号","申请号","PatentDocument / PatentFamily / Party","标识/主数据","外部数据库自动采集 + 人工校验","基本稳定/确认后近似不可变","来源审计：数据源/抓取时间/原文证据","低/按记录继承","不宜AI生成；应结构化采集/规则计算","类型校验 + 必填/唯一性按业务配置","对应领域实体的结构化字段","部门","布局"
"年度半年度数据统计类","品类我司专利申请类","6","布局国家","申请/布局国家","ProtectionCase / FilingCase","业务事实/描述","人工维护/系统派生","按业务事件更新","强审计：旧值/新值/人/时间/原因/审批","低/按记录继承","可选AI辅助","ISO国家/地区代码，多选用关联表","对应领域实体的结构化字段","部门","布局"
"年度半年度数据统计类","品类我司专利申请类","7","当前法律状态","法律状态","PatentDocument / PatentFamily / Party","当前状态快照（应有事件历史）","外部数据库自动采集 + 人工校验","高变化/事件驱动","强审计：旧值/新值/人/时间/原因/审批","低/按记录继承","不宜AI生成；应结构化采集/规则计算","法域标准化状态映射 + 原始状态并存","当前快照字段 + 状态事件表（双层）","部门","布局"
"年度半年度数据统计类","品类我司专利申请类","8","产品品类","产品品类","Product / ProductCategory","业务事实/描述","人工维护/系统派生","按业务事件更新","普通变更历史","低/按记录继承","可选AI辅助","产品分类树引用","对应领域实体的结构化字段","部门","布局"
"年度半年度数据统计类","品类我司专利申请类","9","技术模块分类","技术模块","TechnologyTaxonomy / TechnicalKnowledge","业务事实/描述","人工维护/系统派生","按业务事件更新","普通变更历史","低/按记录继承","可选AI辅助","技术分类树引用，可多选","对应领域实体的结构化字段","部门","布局"
"年度半年度数据统计类","专利申请总表","1","专利之星表格","专利之星表格","Generic / Context-specific","业务事实/描述","人工维护/系统派生","按业务事件更新","普通变更历史","低/按记录继承","可选AI辅助","类型校验 + 必填/唯一性按业务配置","视图本地字段或CustomField；达到高频阈值后实体化","部门","布局/流程性"
"年度半年度数据统计类","专利申请总表","2","专利卷号","专利卷号","ProtectionCase / FilingCase","标识/主数据","人工维护/系统派生","按业务事件更新","普通变更历史","低/按记录继承","可选AI辅助","类型校验 + 必填/唯一性按业务配置","对应领域实体的结构化字段","部门","布局/流程性"
"年度半年度数据统计类","专利申请总表","3","申请号","申请号","PatentDocument / PatentFamily / Party","标识/主数据","外部数据库自动采集 + 人工校验","基本稳定/确认后近似不可变","来源审计：数据源/抓取时间/原文证据","低/按记录继承","不宜AI生成；应结构化采集/规则计算","类型校验 + 必填/唯一性按业务配置","对应领域实体的结构化字段","部门","布局/流程性"
"年度半年度数据统计类","专利申请总表","4","公开号","公开号","PatentDocument / PatentFamily / Party","标识/主数据","外部数据库自动采集 + 人工校验","基本稳定/确认后近似不可变","来源审计：数据源/抓取时间/原文证据","低/按记录继承","不宜AI生成；应结构化采集/规则计算","类型校验 + 必填/唯一性按业务配置","对应领域实体的结构化字段","部门","布局/流程性"
"年度半年度数据统计类","专利申请总表","5","申请日","申请日","PatentDocument / PatentFamily / Party","外部/业务事实","外部数据库自动采集 + 人工校验","基本稳定/确认后近似不可变","来源审计：数据源/抓取时间/原文证据","低/按记录继承","不宜AI生成；应结构化采集/规则计算","类型校验 + 必填/唯一性按业务配置","对应领域实体的结构化字段","部门","布局/流程性"
"年度半年度数据统计类","专利申请总表","6","优先权日","优先权日","PatentDocument / PatentFamily / Party","外部/业务事实","外部数据库自动采集 + 人工校验","基本稳定/确认后近似不可变","来源审计：数据源/抓取时间/原文证据","低/按记录继承","不宜AI生成；应结构化采集/规则计算","类型校验 + 必填/唯一性按业务配置","对应领域实体的结构化字段","部门","布局/流程性"
"年度半年度数据统计类","专利申请总表","7","优先权号","优先权号","PatentDocument / PatentFamily / Party","标识/主数据","外部数据库自动采集 + 人工校验","基本稳定/确认后近似不可变","普通变更历史","低/按记录继承","可选AI辅助","类型校验 + 必填/唯一性按业务配置","对应领域实体的结构化字段","部门","布局/流程性"
"年度半年度数据统计类","专利申请总表","8","内部名称","内部名称","ProtectionCase / FilingCase","业务事实/描述","人工维护/系统派生","按业务事件更新","普通变更历史","低/按记录继承","可选AI辅助","类型校验 + 必填/唯一性按业务配置","对应领域实体的结构化字段","部门","布局/流程性"
"年度半年度数据统计类","专利申请总表","9","专利标题","专利标题","PatentDocument / PatentFamily / Party","业务事实/描述","人工维护/系统派生","基本稳定/确认后近似不可变","普通变更历史","低/按记录继承","可选AI辅助","类型校验 + 必填/唯一性按业务配置","对应领域实体的结构化字段","部门","布局/流程性"
"年度半年度数据统计类","专利申请总表","10","专利类型","专利类型","PatentDocument / PatentFamily / Party","业务事实/描述","人工维护/系统派生","按业务事件更新","普通变更历史","低/按记录继承","可选AI辅助","类型校验 + 必填/唯一性按业务配置","对应领域实体的结构化字段","部门","布局/流程性"
"年度半年度数据统计类","专利申请总表","11","申请国家","申请/布局国家","ProtectionCase / FilingCase","业务事实/描述","人工维护/系统派生","按业务事件更新","强审计：旧值/新值/人/时间/原因/审批","低/按记录继承","可选AI辅助","ISO国家/地区代码，多选用关联表","对应领域实体的结构化字段","部门","布局/流程性"
"年度半年度数据统计类","专利申请总表","12","申请策略","申请策略","ProtectionCase / FilingCase","业务事实/描述","人工维护/系统派生","按业务事件更新","强审计：旧值/新值/人/时间/原因/审批","高","可选AI辅助","类型校验 + 必填/唯一性按业务配置","对应领域实体的结构化字段","部门","布局/流程性"
"年度半年度数据统计类","专利申请总表","13","法律状态","法律状态","PatentDocument / PatentFamily / Party","当前状态快照（应有事件历史）","外部数据库自动采集 + 人工校验","高变化/事件驱动","强审计：旧值/新值/人/时间/原因/审批","低/按记录继承","不宜AI生成；应结构化采集/规则计算","法域标准化状态映射 + 原始状态并存","当前快照字段 + 状态事件表（双层）","部门","布局/流程性"
"年度半年度数据统计类","专利申请总表","14","内部承办人","内部承办人","ProtectionCase / FilingCase","业务事实/描述","人工维护/系统派生","按业务事件更新","普通变更历史","低/按记录继承","可选AI辅助","类型校验 + 必填/唯一性按业务配置","对应领域实体的结构化字段","部门","布局/流程性"
"年度半年度数据统计类","专利申请总表","15","代理机构名称","代理机构","ProtectionCase / FilingCase","业务事实/描述","人工维护/系统派生","按业务事件更新","普通变更历史","低/按记录继承","可选AI辅助","类型校验 + 必填/唯一性按业务配置","对应领域实体的结构化字段","部门","布局/流程性"
"年度半年度数据统计类","专利申请总表","16","产品类型","产品品类","Product / ProductCategory","业务事实/描述","人工维护/系统派生","按业务事件更新","普通变更历史","低/按记录继承","可选AI辅助","产品分类树引用","对应领域实体的结构化字段","部门","布局/流程性"
"年度半年度数据统计类","专利申请总表","17","项目号","项目编号","Project / ProjectSolutionVersion","标识/主数据","项目/研发/产品团队反馈","基本稳定/确认后近似不可变","普通变更历史","中","可选AI辅助","类型校验 + 必填/唯一性按业务配置","对应领域实体的结构化字段","部门","布局/流程性"
"年度半年度数据统计类","平台性风险管理及跟踪总表","1","风险专利号（含同族）","风险专利关联","Relation / Link Entity","业务事实/描述","人工维护/系统派生","按业务事件更新","普通变更历史","低/按记录继承","可选AI辅助","类型校验 + 必填/唯一性按业务配置","关系表（多对多/带属性），禁止逗号拼接","部门","风险"
"年度半年度数据统计类","平台性风险管理及跟踪总表","2","风险国家","风险国家","Generic / Context-specific","业务事实/描述","人工维护/系统派生","按业务事件更新","普通变更历史","低/按记录继承","可选AI辅助","类型校验 + 必填/唯一性按业务配置","视图本地字段或CustomField；达到高频阈值后实体化","部门","风险"
"年度半年度数据统计类","平台性风险管理及跟踪总表","3","风险专利权人","专利权人","PatentDocument / PatentFamily / Party","业务事实/描述","外部数据库自动采集 + 人工校验","低频变化/版本化","普通变更历史","低/按记录继承","可选AI辅助","类型校验 + 必填/唯一性按业务配置","对应领域实体的结构化字段","部门","风险"
"年度半年度数据统计类","平台性风险管理及跟踪总表","4","风险主题","风险主题","RiskCase / RiskAssessment / Mitigation","业务事实/描述","人工维护/系统派生","按业务事件更新","普通变更历史","中","可选AI辅助","类型校验 + 必填/唯一性按业务配置","对应领域实体的结构化字段","部门","风险"
"年度半年度数据统计类","平台性风险管理及跟踪总表","5","风险等级","风险等级","RiskCase / RiskAssessment / Mitigation","专业判断/分析结论","专业人员人工判断（AI仅辅助）","高变化/事件驱动","强审计：旧值/新值/人/时间/原因/审批","中","AI可辅助，不得作为最终责任结论","枚举：无/低/中/高/关键（建议可配置）","对应领域实体的结构化字段","部门","风险"
"年度半年度数据统计类","平台性风险管理及跟踪总表","6","产品分类","产品品类","Product / ProductCategory","业务事实/描述","人工维护/系统派生","按业务事件更新","普通变更历史","低/按记录继承","可选AI辅助","产品分类树引用","对应领域实体的结构化字段","部门","风险"
"年度半年度数据统计类","平台性风险管理及跟踪总表","7","技术模块分类","技术模块","TechnologyTaxonomy / TechnicalKnowledge","业务事实/描述","人工维护/系统派生","按业务事件更新","普通变更历史","低/按记录继承","可选AI辅助","技术分类树引用，可多选","对应领域实体的结构化字段","部门","风险"
"年度半年度数据统计类","平台性风险管理及跟踪总表","8","发现原因","发现原因","RiskCase / RiskAssessment / Mitigation","业务事实/描述","人工维护/系统派生","按业务事件更新","普通变更历史","低/按记录继承","可选AI辅助","类型校验 + 必填/唯一性按业务配置","对应领域实体的结构化字段","部门","风险"
"年度半年度数据统计类","平台性风险管理及跟踪总表","9","处理方式","处理方式","RiskCase / RiskAssessment / Mitigation","业务事实/描述","专业人员人工判断（AI仅辅助）","按业务事件更新","强审计：旧值/新值/人/时间/原因/审批","低/按记录继承","AI可辅助，不得作为最终责任结论","类型校验 + 必填/唯一性按业务配置","对应领域实体的结构化字段","部门","风险"
"年度半年度数据统计类","平台性风险管理及跟踪总表","10","专利跟踪负责人","专利跟踪负责人","Generic / Context-specific","业务事实/描述","人工维护/系统派生","按业务事件更新","普通变更历史","低/按记录继承","可选AI辅助","类型校验 + 必填/唯一性按业务配置","视图本地字段或CustomField；达到高频阈值后实体化","部门","风险"
"年度半年度数据统计类","平台性风险管理及跟踪总表","11","分析报告","风险分析报告","Artifact / Attachment / Report","引用/附件","人工维护/系统派生","按业务事件更新","普通变更历史","低/按记录继承","可选AI辅助","类型校验 + 必填/唯一性按业务配置","Attachment/Artifact实体 + 关联表","部门","风险"
"年度半年度数据统计类","平台性风险管理及跟踪总表","12","跟踪状态","跟踪状态","RiskCase / RiskAssessment / Mitigation","当前状态快照（应有事件历史）","人工维护/系统派生","高变化/事件驱动","普通变更历史","低/按记录继承","可选AI辅助","状态机","当前快照字段 + 状态事件表（双层）","部门","风险"
"年度半年度数据统计类","平台性风险管理及跟踪总表","13","相关项目","关联项目","Relation / Link Entity","业务事实/描述","人工维护/系统派生","按业务事件更新","普通变更历史","中","可选AI辅助","类型校验 + 必填/唯一性按业务配置","关系表（多对多/带属性），禁止逗号拼接","部门","风险"
"对外","产品线季度类项目风险分享","1","项目号","项目编号","Project / ProjectSolutionVersion","标识/主数据","项目/研发/产品团队反馈","基本稳定/确认后近似不可变","普通变更历史","中","可选AI辅助","类型校验 + 必填/唯一性按业务配置","对应领域实体的结构化字段","对外","分享阐释"
"对外","产品线季度类项目风险分享","2","产品号","产品编号","Product / ProductCategory","标识/主数据","人工维护/系统派生","基本稳定/确认后近似不可变","普通变更历史","中","可选AI辅助","类型校验 + 必填/唯一性按业务配置","对应领域实体的结构化字段","对外","分享阐释"
"对外","产品线季度类项目风险分享","3","产品名称","产品名称","Product / ProductCategory","业务事实/描述","人工维护/系统派生","按业务事件更新","普通变更历史","低/按记录继承","可选AI辅助","类型校验 + 必填/唯一性按业务配置","对应领域实体的结构化字段","对外","分享阐释"
"对外","产品线季度类项目风险分享","4","产品图示","产品图示","Product / ProductCategory","引用/附件","人工维护/系统派生","按业务事件更新","普通变更历史","低/按记录继承","可选AI辅助","类型校验 + 必填/唯一性按业务配置","Attachment/Artifact实体 + 关联表","对外","分享阐释"
"对外","产品线季度类项目风险分享","5","风险专利号（含同族）","风险专利关联","Relation / Link Entity","业务事实/描述","人工维护/系统派生","按业务事件更新","普通变更历史","低/按记录继承","可选AI辅助","类型校验 + 必填/唯一性按业务配置","关系表（多对多/带属性），禁止逗号拼接","对外","分享阐释"
"对外","产品线季度类项目风险分享","6","风险主题","风险主题","RiskCase / RiskAssessment / Mitigation","业务事实/描述","人工维护/系统派生","按业务事件更新","普通变更历史","中","可选AI辅助","类型校验 + 必填/唯一性按业务配置","对应领域实体的结构化字段","对外","分享阐释"
"对外","产品线季度类项目风险分享","7","风险国家","风险国家","Generic / Context-specific","业务事实/描述","人工维护/系统派生","按业务事件更新","普通变更历史","低/按记录继承","可选AI辅助","类型校验 + 必填/唯一性按业务配置","视图本地字段或CustomField；达到高频阈值后实体化","对外","分享阐释"
"对外","产品线季度类项目风险分享","8","风险专利权人","专利权人","PatentDocument / PatentFamily / Party","业务事实/描述","外部数据库自动采集 + 人工校验","低频变化/版本化","普通变更历史","低/按记录继承","可选AI辅助","类型校验 + 必填/唯一性按业务配置","对应领域实体的结构化字段","对外","分享阐释"
"对外","产品线季度类项目风险分享","9","处理方式","处理方式","RiskCase / RiskAssessment / Mitigation","业务事实/描述","专业人员人工判断（AI仅辅助）","按业务事件更新","强审计：旧值/新值/人/时间/原因/审批","低/按记录继承","AI可辅助，不得作为最终责任结论","类型校验 + 必填/唯一性按业务配置","对应领域实体的结构化字段","对外","分享阐释"
"对外","特定主题专利分享-小主题","1","专利号（同族靠近分组呈现）","专利号（同族靠近分组呈现）","Generic / Context-specific","业务事实/描述","人工维护/系统派生","按业务事件更新","普通变更历史","低/按记录继承","可选AI辅助","类型校验 + 必填/唯一性按业务配置","视图本地字段或CustomField；达到高频阈值后实体化","对外","分享阐释"
"对外","特定主题专利分享-小主题","2","申请人（标准化）","标准申请人","PatentDocument / PatentFamily / Party","业务事实/描述","外部数据库自动采集 + 人工校验","按业务事件更新","普通变更历史","低/按记录继承","可选AI辅助","类型校验 + 必填/唯一性按业务配置","对应领域实体的结构化字段","对外","分享阐释"
"对外","特定主题专利分享-小主题","3","申请人（原始）","原始申请人","PatentDocument / PatentFamily / Party","业务事实/描述","外部数据库自动采集 + 人工校验","低频变化/版本化","普通变更历史","低/按记录继承","可选AI辅助","类型校验 + 必填/唯一性按业务配置","对应领域实体的结构化字段","对外","分享阐释"
"对外","特定主题专利分享-小主题","4","独立权利要求","独立权利要求","PatentDocument / PatentFamily / Party","业务事实/描述","外部数据库自动采集 + 人工校验","低频变化/版本化","来源审计：数据源/抓取时间/原文证据","低/按记录继承","可选AI辅助","类型校验 + 必填/唯一性按业务配置","对应领域实体的结构化字段","对外","分享阐释"
"对外","特定主题专利分享-小主题","5","保护点概要","保护点概要","TechnologyTaxonomy / TechnicalKnowledge","专业判断/分析结论","AI初加工 + 人工复核","按业务事件更新","普通变更历史","低/按记录继承","适合AI生成，必须保留模型/提示词/输入哈希/人工确认","类型校验 + 必填/唯一性按业务配置","对应领域实体的结构化字段","对外","分享阐释"
"对外","特定主题专利分享-小主题","6","实施例总结","实施例总结","TechnologyTaxonomy / TechnicalKnowledge","专业判断/分析结论","AI初加工 + 人工复核","按业务事件更新","普通变更历史","低/按记录继承","适合AI生成，必须保留模型/提示词/输入哈希/人工确认","类型校验 + 必填/唯一性按业务配置","对应领域实体的结构化字段","对外","分享阐释"
"对外","特定主题专利分享-小主题","7","一句话技术问题","技术问题摘要","TechnologyTaxonomy / TechnicalKnowledge","专业判断/分析结论","AI初加工 + 人工复核","按业务事件更新","普通变更历史","低/按记录继承","适合AI生成，必须保留模型/提示词/输入哈希/人工确认","类型校验 + 必填/唯一性按业务配置","对应领域实体的结构化字段","对外","分享阐释"
"对外","特定主题专利分享-小主题","8","一句话技术方案","技术方案摘要","TechnologyTaxonomy / TechnicalKnowledge","专业判断/分析结论","AI初加工 + 人工复核","按业务事件更新","普通变更历史","低/按记录继承","适合AI生成，必须保留模型/提示词/输入哈希/人工确认","类型校验 + 必填/唯一性按业务配置","对应领域实体的结构化字段","对外","分享阐释"
"对外","特定主题专利分享-小主题","9","一句话技术效果","技术效果摘要","TechnologyTaxonomy / TechnicalKnowledge","专业判断/分析结论","AI初加工 + 人工复核","按业务事件更新","普通变更历史","低/按记录继承","适合AI生成，必须保留模型/提示词/输入哈希/人工确认","类型校验 + 必填/唯一性按业务配置","对应领域实体的结构化字段","对外","分享阐释"
"对外","特定主题专利分享-小主题","10","申请日","申请日","PatentDocument / PatentFamily / Party","外部/业务事实","外部数据库自动采集 + 人工校验","基本稳定/确认后近似不可变","来源审计：数据源/抓取时间/原文证据","低/按记录继承","不宜AI生成；应结构化采集/规则计算","类型校验 + 必填/唯一性按业务配置","对应领域实体的结构化字段","对外","分享阐释"
"对外","特定主题专利分享-小主题","11","优先权日","优先权日","PatentDocument / PatentFamily / Party","外部/业务事实","外部数据库自动采集 + 人工校验","基本稳定/确认后近似不可变","来源审计：数据源/抓取时间/原文证据","低/按记录继承","不宜AI生成；应结构化采集/规则计算","类型校验 + 必填/唯一性按业务配置","对应领域实体的结构化字段","对外","分享阐释"
"对外","特定主题专利分享-小主题","12","法律状态","法律状态","PatentDocument / PatentFamily / Party","当前状态快照（应有事件历史）","外部数据库自动采集 + 人工校验","高变化/事件驱动","强审计：旧值/新值/人/时间/原因/审批","低/按记录继承","不宜AI生成；应结构化采集/规则计算","法域标准化状态映射 + 原始状态并存","当前快照字段 + 状态事件表（双层）","对外","分享阐释"
"对外","特定主题专利分享-小主题","13","同族信息","同族信息","PatentDocument / PatentFamily / Party","业务事实/描述","外部数据库自动采集 + 人工校验","按业务事件更新","普通变更历史","低/按记录继承","可选AI辅助","类型校验 + 必填/唯一性按业务配置","对应领域实体的结构化字段","对外","分享阐释"
"对外","特定主题专利分享-小主题","14","IPC分类号","IPC","PatentDocument / PatentFamily / Party","业务事实/描述","外部数据库自动采集 + 人工校验","按业务事件更新","普通变更历史","低/按记录继承","可选AI辅助","类型校验 + 必填/唯一性按业务配置","对应领域实体的结构化字段","对外","分享阐释"
"对外","特定主题专利分享-小主题","15","附图","专利附图","PatentDocument / PatentFamily / Party","引用/附件","人工维护/系统派生","按业务事件更新","普通变更历史","低/按记录继承","可选AI辅助","类型校验 + 必填/唯一性按业务配置","Attachment/Artifact实体 + 关联表","对外","分享阐释"
"对外","特定主题专利分享-小主题","16","专利详情链接（商业数据库源）","外部专利链接","PatentDocument / PatentFamily / Party","引用/附件","人工维护/系统派生","按业务事件更新","普通变更历史","低/按记录继承","可选AI辅助","类型校验 + 必填/唯一性按业务配置","Attachment/Artifact实体 + 关联表","对外","分享阐释"
"对外","特定主题专利分享-小主题","17","发明人","发明人","PatentDocument / PatentFamily / Party","业务事实/描述","外部数据库自动采集 + 人工校验","按业务事件更新","普通变更历史","低/按记录继承","可选AI辅助","类型校验 + 必填/唯一性按业务配置","对应领域实体的结构化字段","对外","分享阐释"
"对外","特定主题专利分享-大主题","1","大主题","大主题","Generic / Context-specific","业务事实/描述","人工维护/系统派生","按业务事件更新","普通变更历史","低/按记录继承","可选AI辅助","类型校验 + 必填/唯一性按业务配置","视图本地字段或CustomField；达到高频阈值后实体化","对外","分享阐释"
"对外","特定主题专利分享-大主题","2","大主题细分支","大主题细分支","Generic / Context-specific","业务事实/描述","人工维护/系统派生","按业务事件更新","普通变更历史","低/按记录继承","可选AI辅助","类型校验 + 必填/唯一性按业务配置","视图本地字段或CustomField；达到高频阈值后实体化","对外","分享阐释"
"对外","特定主题专利分享-大主题","3","专利号（同族靠近分组呈现）","专利号（同族靠近分组呈现）","Generic / Context-specific","业务事实/描述","人工维护/系统派生","按业务事件更新","普通变更历史","低/按记录继承","可选AI辅助","类型校验 + 必填/唯一性按业务配置","视图本地字段或CustomField；达到高频阈值后实体化","对外","分享阐释"
"对外","特定主题专利分享-大主题","4","申请人（标准化）","标准申请人","PatentDocument / PatentFamily / Party","业务事实/描述","外部数据库自动采集 + 人工校验","按业务事件更新","普通变更历史","低/按记录继承","可选AI辅助","类型校验 + 必填/唯一性按业务配置","对应领域实体的结构化字段","对外","分享阐释"
"对外","特定主题专利分享-大主题","5","申请人（原始）","原始申请人","PatentDocument / PatentFamily / Party","业务事实/描述","外部数据库自动采集 + 人工校验","低频变化/版本化","普通变更历史","低/按记录继承","可选AI辅助","类型校验 + 必填/唯一性按业务配置","对应领域实体的结构化字段","对外","分享阐释"
"对外","特定主题专利分享-大主题","6","独立权利要求","独立权利要求","PatentDocument / PatentFamily / Party","业务事实/描述","外部数据库自动采集 + 人工校验","低频变化/版本化","来源审计：数据源/抓取时间/原文证据","低/按记录继承","可选AI辅助","类型校验 + 必填/唯一性按业务配置","对应领域实体的结构化字段","对外","分享阐释"
"对外","特定主题专利分享-大主题","7","保护点概要","保护点概要","TechnologyTaxonomy / TechnicalKnowledge","专业判断/分析结论","AI初加工 + 人工复核","按业务事件更新","普通变更历史","低/按记录继承","适合AI生成，必须保留模型/提示词/输入哈希/人工确认","类型校验 + 必填/唯一性按业务配置","对应领域实体的结构化字段","对外","分享阐释"
"对外","特定主题专利分享-大主题","8","实施例总结","实施例总结","TechnologyTaxonomy / TechnicalKnowledge","专业判断/分析结论","AI初加工 + 人工复核","按业务事件更新","普通变更历史","低/按记录继承","适合AI生成，必须保留模型/提示词/输入哈希/人工确认","类型校验 + 必填/唯一性按业务配置","对应领域实体的结构化字段","对外","分享阐释"
"对外","特定主题专利分享-大主题","9","一句话技术问题","技术问题摘要","TechnologyTaxonomy / TechnicalKnowledge","专业判断/分析结论","AI初加工 + 人工复核","按业务事件更新","普通变更历史","低/按记录继承","适合AI生成，必须保留模型/提示词/输入哈希/人工确认","类型校验 + 必填/唯一性按业务配置","对应领域实体的结构化字段","对外","分享阐释"
"对外","特定主题专利分享-大主题","10","一句话技术方案","技术方案摘要","TechnologyTaxonomy / TechnicalKnowledge","专业判断/分析结论","AI初加工 + 人工复核","按业务事件更新","普通变更历史","低/按记录继承","适合AI生成，必须保留模型/提示词/输入哈希/人工确认","类型校验 + 必填/唯一性按业务配置","对应领域实体的结构化字段","对外","分享阐释"
"对外","特定主题专利分享-大主题","11","一句话技术效果","技术效果摘要","TechnologyTaxonomy / TechnicalKnowledge","专业判断/分析结论","AI初加工 + 人工复核","按业务事件更新","普通变更历史","低/按记录继承","适合AI生成，必须保留模型/提示词/输入哈希/人工确认","类型校验 + 必填/唯一性按业务配置","对应领域实体的结构化字段","对外","分享阐释"
"对外","特定主题专利分享-大主题","12","申请日","申请日","PatentDocument / PatentFamily / Party","外部/业务事实","外部数据库自动采集 + 人工校验","基本稳定/确认后近似不可变","来源审计：数据源/抓取时间/原文证据","低/按记录继承","不宜AI生成；应结构化采集/规则计算","类型校验 + 必填/唯一性按业务配置","对应领域实体的结构化字段","对外","分享阐释"
"对外","特定主题专利分享-大主题","13","优先权日","优先权日","PatentDocument / PatentFamily / Party","外部/业务事实","外部数据库自动采集 + 人工校验","基本稳定/确认后近似不可变","来源审计：数据源/抓取时间/原文证据","低/按记录继承","不宜AI生成；应结构化采集/规则计算","类型校验 + 必填/唯一性按业务配置","对应领域实体的结构化字段","对外","分享阐释"
"对外","特定主题专利分享-大主题","14","法律状态","法律状态","PatentDocument / PatentFamily / Party","当前状态快照（应有事件历史）","外部数据库自动采集 + 人工校验","高变化/事件驱动","强审计：旧值/新值/人/时间/原因/审批","低/按记录继承","不宜AI生成；应结构化采集/规则计算","法域标准化状态映射 + 原始状态并存","当前快照字段 + 状态事件表（双层）","对外","分享阐释"
"对外","特定主题专利分享-大主题","15","同族信息","同族信息","PatentDocument / PatentFamily / Party","业务事实/描述","外部数据库自动采集 + 人工校验","按业务事件更新","普通变更历史","低/按记录继承","可选AI辅助","类型校验 + 必填/唯一性按业务配置","对应领域实体的结构化字段","对外","分享阐释"
"对外","特定主题专利分享-大主题","16","IPC分类号","IPC","PatentDocument / PatentFamily / Party","业务事实/描述","外部数据库自动采集 + 人工校验","按业务事件更新","普通变更历史","低/按记录继承","可选AI辅助","类型校验 + 必填/唯一性按业务配置","对应领域实体的结构化字段","对外","分享阐释"
"对外","特定主题专利分享-大主题","17","附图","专利附图","PatentDocument / PatentFamily / Party","引用/附件","人工维护/系统派生","按业务事件更新","普通变更历史","低/按记录继承","可选AI辅助","类型校验 + 必填/唯一性按业务配置","Attachment/Artifact实体 + 关联表","对外","分享阐释"
"对外","特定主题专利分享-大主题","18","专利详情链接（商业数据库源）","外部专利链接","PatentDocument / PatentFamily / Party","引用/附件","人工维护/系统派生","按业务事件更新","普通变更历史","低/按记录继承","可选AI辅助","类型校验 + 必填/唯一性按业务配置","Attachment/Artifact实体 + 关联表","对外","分享阐释"
"对外","特定主题专利分享-大主题","19","发明人","发明人","PatentDocument / PatentFamily / Party","业务事实/描述","外部数据库自动采集 + 人工校验","按业务事件更新","普通变更历史","低/按记录继承","可选AI辅助","类型校验 + 必填/唯一性按业务配置","对应领域实体的结构化字段","对外","分享阐释"
"对外","竞争对手技术路线表","1","专利号（同族选代表）","专利号（同族选代表）","Generic / Context-specific","业务事实/描述","人工维护/系统派生","按业务事件更新","普通变更历史","低/按记录继承","可选AI辅助","类型校验 + 必填/唯一性按业务配置","视图本地字段或CustomField；达到高频阈值后实体化","部门/对外","分享阐释"
"对外","竞争对手技术路线表","2","专利详情链接（商业数据库源）","外部专利链接","PatentDocument / PatentFamily / Party","引用/附件","人工维护/系统派生","按业务事件更新","普通变更历史","低/按记录继承","可选AI辅助","类型校验 + 必填/唯一性按业务配置","Attachment/Artifact实体 + 关联表","部门/对外","分享阐释"
"对外","竞争对手技术路线表","3","优先权日","优先权日","PatentDocument / PatentFamily / Party","外部/业务事实","外部数据库自动采集 + 人工校验","基本稳定/确认后近似不可变","来源审计：数据源/抓取时间/原文证据","低/按记录继承","不宜AI生成；应结构化采集/规则计算","类型校验 + 必填/唯一性按业务配置","对应领域实体的结构化字段","部门/对外","分享阐释"
"对外","竞争对手技术路线表","4","保护点概要","保护点概要","TechnologyTaxonomy / TechnicalKnowledge","专业判断/分析结论","AI初加工 + 人工复核","按业务事件更新","普通变更历史","低/按记录继承","适合AI生成，必须保留模型/提示词/输入哈希/人工确认","类型校验 + 必填/唯一性按业务配置","对应领域实体的结构化字段","部门/对外","分享阐释"
"对外","竞争对手技术路线表","5","实施例总结","实施例总结","TechnologyTaxonomy / TechnicalKnowledge","专业判断/分析结论","AI初加工 + 人工复核","按业务事件更新","普通变更历史","低/按记录继承","适合AI生成，必须保留模型/提示词/输入哈希/人工确认","类型校验 + 必填/唯一性按业务配置","对应领域实体的结构化字段","部门/对外","分享阐释"
"单一项目管控类","IP事务管控表之风险管控表","1","项目号","项目编号","Project / ProjectSolutionVersion","标识/主数据","项目/研发/产品团队反馈","基本稳定/确认后近似不可变","普通变更历史","中","可选AI辅助","类型校验 + 必填/唯一性按业务配置","对应领域实体的结构化字段","跨部门","风险"
"单一项目管控类","IP事务管控表之风险管控表","2","产品号","产品编号","Product / ProductCategory","标识/主数据","人工维护/系统派生","基本稳定/确认后近似不可变","普通变更历史","中","可选AI辅助","类型校验 + 必填/唯一性按业务配置","对应领域实体的结构化字段","跨部门","风险"
"单一项目管控类","IP事务管控表之风险管控表","3","产品名称","产品名称","Product / ProductCategory","业务事实/描述","人工维护/系统派生","按业务事件更新","普通变更历史","低/按记录继承","可选AI辅助","类型校验 + 必填/唯一性按业务配置","对应领域实体的结构化字段","跨部门","风险"
"单一项目管控类","IP事务管控表之风险管控表","4","产品类型","产品品类","Product / ProductCategory","业务事实/描述","人工维护/系统派生","按业务事件更新","普通变更历史","低/按记录继承","可选AI辅助","产品分类树引用","对应领域实体的结构化字段","跨部门","风险"
"单一项目管控类","IP事务管控表之风险管控表","5","项目负责人","项目负责人","Project / ProjectSolutionVersion","业务事实/描述","项目/研发/产品团队反馈","按业务事件更新","普通变更历史","低/按记录继承","可选AI辅助","类型校验 + 必填/唯一性按业务配置","对应领域实体的结构化字段","跨部门","风险"
"单一项目管控类","IP事务管控表之风险管控表","6","项目管理","项目管理","Project / ProjectSolutionVersion","业务事实/描述","项目/研发/产品团队反馈","按业务事件更新","普通变更历史","低/按记录继承","可选AI辅助","类型校验 + 必填/唯一性按业务配置","对应领域实体的结构化字段","跨部门","风险"
"单一项目管控类","IP事务管控表之风险管控表","7","产品经理","产品经理","Project / ProjectSolutionVersion","业务事实/描述","项目/研发/产品团队反馈","按业务事件更新","普通变更历史","低/按记录继承","可选AI辅助","类型校验 + 必填/唯一性按业务配置","对应领域实体的结构化字段","跨部门","风险"
"单一项目管控类","IP事务管控表之风险管控表","8","出货地区","出货地区","Generic / Context-specific","业务事实/描述","人工维护/系统派生","按业务事件更新","普通变更历史","低/按记录继承","可选AI辅助","类型校验 + 必填/唯一性按业务配置","视图本地字段或CustomField；达到高频阈值后实体化","跨部门","风险"
"单一项目管控类","IP事务管控表之风险管控表","9","结构电子项目类型","研发专业/项目等级","Project / ProjectSolutionVersion","业务事实/描述","项目/研发/产品团队反馈","按业务事件更新","普通变更历史","低/按记录继承","可选AI辅助","类型校验 + 必填/唯一性按业务配置","对应领域实体的结构化字段","跨部门","风险"
"单一项目管控类","IP事务管控表之风险管控表","10","继承历史产品型号","继承产品型号","Project / ProjectSolutionVersion","业务事实/描述","项目/研发/产品团队反馈","按业务事件更新","普通变更历史","低/按记录继承","可选AI辅助","类型校验 + 必填/唯一性按业务配置","对应领域实体的结构化字段","跨部门","风险"
"单一项目管控类","IP事务管控表之风险管控表","11","继续历史产品具体方案点","继续历史产品具体方案点","Project / ProjectSolutionVersion","业务事实/描述","项目/研发/产品团队反馈","按业务事件更新","普通变更历史","高","可选AI辅助","类型校验 + 必填/唯一性按业务配置","对应领域实体的结构化字段","跨部门","风险"
"单一项目管控类","IP事务管控表之风险管控表","12","项目当前阶段","项目阶段","Project / ProjectSolutionVersion","当前状态快照（应有事件历史）","项目/研发/产品团队反馈","高变化/事件驱动","普通变更历史","中","可选AI辅助","项目阶段状态机","当前快照字段 + 状态事件表（双层）","跨部门","风险"
"单一项目管控类","IP事务管控表之风险管控表","13","所涉风险主题","风险主题","RiskCase / RiskAssessment / Mitigation","业务事实/描述","人工维护/系统派生","按业务事件更新","普通变更历史","中","可选AI辅助","类型校验 + 必填/唯一性按业务配置","对应领域实体的结构化字段","跨部门","风险"
"单一项目管控类","IP事务管控表之风险管控表","14","风险排查项目阶段","风险排查项目阶段","RiskCase / RiskAssessment / Mitigation","业务事实/描述","人工维护/系统派生","按业务事件更新","普通变更历史","低/按记录继承","可选AI辅助","类型校验 + 必填/唯一性按业务配置","对应领域实体的结构化字段","跨部门","风险"
"单一项目管控类","IP事务管控表之风险管控表","15","风险排查时间","风险排查时间","RiskCase / RiskAssessment / Mitigation","业务事实/描述","人工维护/系统派生","按业务事件更新","普通变更历史","低/按记录继承","可选AI辅助","类型校验 + 必填/唯一性按业务配置","对应领域实体的结构化字段","跨部门","风险"
"单一项目管控类","IP事务管控表之风险管控表","16","关注等级","风险等级","RiskCase / RiskAssessment / Mitigation","专业判断/分析结论","专业人员人工判断（AI仅辅助）","高变化/事件驱动","强审计：旧值/新值/人/时间/原因/审批","中","AI可辅助，不得作为最终责任结论","枚举：无/低/中/高/关键（建议可配置）","对应领域实体的结构化字段","跨部门","风险"
"单一项目管控类","IP事务管控表之风险管控表","17","风险专利号","风险专利关联","Relation / Link Entity","业务事实/描述","人工维护/系统派生","按业务事件更新","普通变更历史","低/按记录继承","可选AI辅助","类型校验 + 必填/唯一性按业务配置","关系表（多对多/带属性），禁止逗号拼接","跨部门","风险"
"单一项目管控类","IP事务管控表之风险管控表","18","风险专利权人","专利权人","PatentDocument / PatentFamily / Party","业务事实/描述","外部数据库自动采集 + 人工校验","低频变化/版本化","普通变更历史","低/按记录继承","可选AI辅助","类型校验 + 必填/唯一性按业务配置","对应领域实体的结构化字段","跨部门","风险"
"单一项目管控类","IP事务管控表之风险管控表","19","是否冲突","是否冲突","RiskCase / RiskAssessment / Mitigation","专业判断/分析结论","专业人员人工判断（AI仅辅助）","按业务事件更新","强审计：旧值/新值/人/时间/原因/审批","高","AI可辅助，不得作为最终责任结论","三值：是/否/待定","对应领域实体的结构化字段","跨部门","风险"
"单一项目管控类","IP事务管控表之风险管控表","20","采用状态","采用状态","RiskCase / RiskAssessment / Mitigation","当前状态快照（应有事件历史）","人工维护/系统派生","高变化/事件驱动","强审计：旧值/新值/人/时间/原因/审批","低/按记录继承","可选AI辅助","枚举：未采用/拟采用/已采用/已规避/已取消","当前快照字段 + 状态事件表（双层）","跨部门","风险"
"单一项目管控类","IP事务管控表之风险管控表","21","风险结论详情","风险结论","RiskCase / RiskAssessment / Mitigation","专业判断/分析结论","专业人员人工判断（AI仅辅助）","高变化/事件驱动","强审计：旧值/新值/人/时间/原因/审批","高","AI可辅助，不得作为最终责任结论","类型校验 + 必填/唯一性按业务配置","对应领域实体的结构化字段","跨部门","风险"
"单一项目管控类","IP事务管控表之风险管控表","22","应对措施","应对措施","RiskCase / RiskAssessment / Mitigation","业务事实/描述","专业人员人工判断（AI仅辅助）","按业务事件更新","强审计：旧值/新值/人/时间/原因/审批","高","AI可辅助，不得作为最终责任结论","类型校验 + 必填/唯一性按业务配置","对应领域实体的结构化字段","跨部门","风险"
"单一项目管控类","IP事务管控表之风险管控表","23","问题专利结案与否","问题专利结案与否","RiskCase / RiskAssessment / Mitigation","业务事实/描述","人工维护/系统派生","按业务事件更新","强审计：旧值/新值/人/时间/原因/审批","低/按记录继承","可选AI辅助","类型校验 + 必填/唯一性按业务配置","对应领域实体的结构化字段","跨部门","风险"
"单一项目管控类","IP事务管控表之风险管控表","24","报告号或风险相关附件","风险分析附件","Artifact / Attachment / Report","引用/附件","人工维护/系统派生","按业务事件更新","普通变更历史","低/按记录继承","可选AI辅助","类型校验 + 必填/唯一性按业务配置","Attachment/Artifact实体 + 关联表","跨部门","风险"
"单一项目管控类","IP事务管控表之风险管控表","25","是否申请专利","是否申请专利","ProtectionCase / FilingCase","业务事实/描述","人工维护/系统派生","按业务事件更新","普通变更历史","低/按记录继承","可选AI辅助","类型校验 + 必填/唯一性按业务配置","对应领域实体的结构化字段","跨部门","风险"
"单一项目管控类","IP事务管控表之风险管控表","26","产品定义背景","产品定义背景","Project / ProjectSolutionVersion","业务事实/描述","项目/研发/产品团队反馈","按业务事件更新","普通变更历史","高","可选AI辅助","类型校验 + 必填/唯一性按业务配置","对应领域实体的结构化字段","跨部门","风险"
"单一项目管控类","IP事务管控表之风险管控表","27","预计销量","预计销量","Project / ProjectSolutionVersion","度量","项目/研发/产品团队反馈","按业务事件更新","普通变更历史","高","可选AI辅助","类型校验 + 必填/唯一性按业务配置","对应领域实体的结构化字段","跨部门","风险"
"单一项目管控类","IP事务管控表之风险管控表","28","项目阶段方案变动点","项目阶段方案变动点","Project / ProjectSolutionVersion","业务事实/描述","项目/研发/产品团队反馈","按业务事件更新","普通变更历史","高","可选AI辅助","类型校验 + 必填/唯一性按业务配置","对应领域实体的结构化字段","跨部门","风险"
"单一项目管控类","IP事务管控表之风险管控表","29","其他备注","备注","Generic / Context-specific","业务事实/描述","人工维护/系统派生","按业务事件更新","普通变更历史","低/按记录继承","可选AI辅助","类型校验 + 必填/唯一性按业务配置","视图本地字段或CustomField；达到高频阈值后实体化","跨部门","风险"
"单一项目管控类","IP事务管控表之申请管控表","1","专利名称","专利标题","PatentDocument / PatentFamily / Party","业务事实/描述","人工维护/系统派生","基本稳定/确认后近似不可变","普通变更历史","低/按记录继承","可选AI辅助","类型校验 + 必填/唯一性按业务配置","对应领域实体的结构化字段","跨部门","布局"
"单一项目管控类","IP事务管控表之申请管控表","2","申请保护主题","保护主题","ProtectionCase / FilingCase","业务事实/描述","人工维护/系统派生","按业务事件更新","强审计：旧值/新值/人/时间/原因/审批","高","可选AI辅助","类型校验 + 必填/唯一性按业务配置","对应领域实体的结构化字段","跨部门","布局"
"单一项目管控类","IP事务管控表之申请管控表","3","申请专利号","申请号","PatentDocument / PatentFamily / Party","标识/主数据","外部数据库自动采集 + 人工校验","基本稳定/确认后近似不可变","来源审计：数据源/抓取时间/原文证据","低/按记录继承","不宜AI生成；应结构化采集/规则计算","类型校验 + 必填/唯一性按业务配置","对应领域实体的结构化字段","跨部门","布局"
"单一项目管控类","IP事务管控表之申请管控表","4","布局国家","申请/布局国家","ProtectionCase / FilingCase","业务事实/描述","人工维护/系统派生","按业务事件更新","强审计：旧值/新值/人/时间/原因/审批","低/按记录继承","可选AI辅助","ISO国家/地区代码，多选用关联表","对应领域实体的结构化字段","跨部门","布局"
"单一项目管控类","IP事务管控表之申请管控表","5","当前法律状态","法律状态","PatentDocument / PatentFamily / Party","当前状态快照（应有事件历史）","外部数据库自动采集 + 人工校验","高变化/事件驱动","强审计：旧值/新值/人/时间/原因/审批","低/按记录继承","不宜AI生成；应结构化采集/规则计算","法域标准化状态映射 + 原始状态并存","当前快照字段 + 状态事件表（双层）","跨部门","布局"
"单一项目管控类","会议展示用精选管控表","1","所涉风险主题","风险主题","RiskCase / RiskAssessment / Mitigation","业务事实/描述","人工维护/系统派生","按业务事件更新","普通变更历史","中","可选AI辅助","类型校验 + 必填/唯一性按业务配置","对应领域实体的结构化字段","跨部门","分享阐释"
"单一项目管控类","会议展示用精选管控表","2","关注等级","风险等级","RiskCase / RiskAssessment / Mitigation","专业判断/分析结论","专业人员人工判断（AI仅辅助）","高变化/事件驱动","强审计：旧值/新值/人/时间/原因/审批","中","AI可辅助，不得作为最终责任结论","枚举：无/低/中/高/关键（建议可配置）","对应领域实体的结构化字段","跨部门","分享阐释"
"单一项目管控类","会议展示用精选管控表","3","风险专利号","风险专利关联","Relation / Link Entity","业务事实/描述","人工维护/系统派生","按业务事件更新","普通变更历史","低/按记录继承","可选AI辅助","类型校验 + 必填/唯一性按业务配置","关系表（多对多/带属性），禁止逗号拼接","跨部门","分享阐释"
"单一项目管控类","会议展示用精选管控表","4","风险专利权人","专利权人","PatentDocument / PatentFamily / Party","业务事实/描述","外部数据库自动采集 + 人工校验","低频变化/版本化","普通变更历史","低/按记录继承","可选AI辅助","类型校验 + 必填/唯一性按业务配置","对应领域实体的结构化字段","跨部门","分享阐释"
"单一项目管控类","会议展示用精选管控表","5","是否冲突","是否冲突","RiskCase / RiskAssessment / Mitigation","专业判断/分析结论","专业人员人工判断（AI仅辅助）","按业务事件更新","强审计：旧值/新值/人/时间/原因/审批","高","AI可辅助，不得作为最终责任结论","三值：是/否/待定","对应领域实体的结构化字段","跨部门","分享阐释"
"单一项目管控类","会议展示用精选管控表","6","采用状态","采用状态","RiskCase / RiskAssessment / Mitigation","当前状态快照（应有事件历史）","人工维护/系统派生","高变化/事件驱动","强审计：旧值/新值/人/时间/原因/审批","低/按记录继承","可选AI辅助","枚举：未采用/拟采用/已采用/已规避/已取消","当前快照字段 + 状态事件表（双层）","跨部门","分享阐释"
"单一项目管控类","会议展示用精选管控表","7","应对措施","应对措施","RiskCase / RiskAssessment / Mitigation","业务事实/描述","专业人员人工判断（AI仅辅助）","按业务事件更新","强审计：旧值/新值/人/时间/原因/审批","高","AI可辅助，不得作为最终责任结论","类型校验 + 必填/唯一性按业务配置","对应领域实体的结构化字段","跨部门","分享阐释"
"单一项目管控类","会议展示用精选管控表","8","风险结论详情","风险结论","RiskCase / RiskAssessment / Mitigation","专业判断/分析结论","专业人员人工判断（AI仅辅助）","高变化/事件驱动","强审计：旧值/新值/人/时间/原因/审批","高","AI可辅助，不得作为最终责任结论","类型校验 + 必填/唯一性按业务配置","对应领域实体的结构化字段","跨部门","分享阐释"
"单一项目管控类","会议展示用精选管控表","9","其他备注","备注","Generic / Context-specific","业务事实/描述","人工维护/系统派生","按业务事件更新","普通变更历史","低/按记录继承","可选AI辅助","类型校验 + 必填/唯一性按业务配置","视图本地字段或CustomField；达到高频阈值后实体化","跨部门","分享阐释"
"数据库类","产品品类数据总库","1","独立权利要求","独立权利要求","PatentDocument / PatentFamily / Party","业务事实/描述","外部数据库自动采集 + 人工校验","低频变化/版本化","来源审计：数据源/抓取时间/原文证据","低/按记录继承","可选AI辅助","类型校验 + 必填/唯一性按业务配置","对应领域实体的结构化字段","部门","数据库"
"数据库类","产品品类数据总库","2","权利要求翻译","权利要求翻译","PatentDocument / PatentFamily / Party","业务事实/描述","AI初加工 + 人工复核","按业务事件更新","普通变更历史","低/按记录继承","适合AI生成，必须保留模型/提示词/输入哈希/人工确认","类型校验 + 必填/唯一性按业务配置","对应领域实体的结构化字段","部门","数据库"
"数据库类","产品品类数据总库","3","摘要翻译","摘要翻译","PatentDocument / PatentFamily / Party","业务事实/描述","AI初加工 + 人工复核","按业务事件更新","普通变更历史","低/按记录继承","适合AI生成，必须保留模型/提示词/输入哈希/人工确认","类型校验 + 必填/唯一性按业务配置","对应领域实体的结构化字段","部门","数据库"
"数据库类","产品品类数据总库","4","AI技术问题","技术问题摘要","TechnologyTaxonomy / TechnicalKnowledge","专业判断/分析结论","AI初加工 + 人工复核","按业务事件更新","普通变更历史","低/按记录继承","适合AI生成，必须保留模型/提示词/输入哈希/人工确认","类型校验 + 必填/唯一性按业务配置","对应领域实体的结构化字段","部门","数据库"
"数据库类","产品品类数据总库","5","技术手段","技术方案摘要","TechnologyTaxonomy / TechnicalKnowledge","专业判断/分析结论","AI初加工 + 人工复核","按业务事件更新","普通变更历史","低/按记录继承","适合AI生成，必须保留模型/提示词/输入哈希/人工确认","类型校验 + 必填/唯一性按业务配置","对应领域实体的结构化字段","部门","数据库"
"数据库类","产品品类数据总库","6","技术效果","技术效果摘要","TechnologyTaxonomy / TechnicalKnowledge","专业判断/分析结论","AI初加工 + 人工复核","按业务事件更新","普通变更历史","低/按记录继承","适合AI生成，必须保留模型/提示词/输入哈希/人工确认","类型校验 + 必填/唯一性按业务配置","对应领域实体的结构化字段","部门","数据库"
"数据库类","产品品类数据总库","7","同族专利号","专利族关联","Relation / Link Entity","业务事实/描述","人工维护/系统派生","按业务事件更新","普通变更历史","低/按记录继承","可选AI辅助","类型校验 + 必填/唯一性按业务配置","关系表（多对多/带属性），禁止逗号拼接","部门","数据库"
"数据库类","产品品类数据总库","8","标准申请人","标准申请人","PatentDocument / PatentFamily / Party","业务事实/描述","外部数据库自动采集 + 人工校验","按业务事件更新","普通变更历史","低/按记录继承","可选AI辅助","类型校验 + 必填/唯一性按业务配置","对应领域实体的结构化字段","部门","数据库"
"数据库类","产品品类数据总库","9","优先权日","优先权日","PatentDocument / PatentFamily / Party","外部/业务事实","外部数据库自动采集 + 人工校验","基本稳定/确认后近似不可变","来源审计：数据源/抓取时间/原文证据","低/按记录继承","不宜AI生成；应结构化采集/规则计算","类型校验 + 必填/唯一性按业务配置","对应领域实体的结构化字段","部门","数据库"
"数据库类","产品品类数据总库","10","申请日","申请日","PatentDocument / PatentFamily / Party","外部/业务事实","外部数据库自动采集 + 人工校验","基本稳定/确认后近似不可变","来源审计：数据源/抓取时间/原文证据","低/按记录继承","不宜AI生成；应结构化采集/规则计算","类型校验 + 必填/唯一性按业务配置","对应领域实体的结构化字段","部门","数据库"
"数据库类","产品品类数据总库","11","首次公开日","公开日","PatentDocument / PatentFamily / Party","外部/业务事实","外部数据库自动采集 + 人工校验","按业务事件更新","普通变更历史","低/按记录继承","可选AI辅助","类型校验 + 必填/唯一性按业务配置","对应领域实体的结构化字段","部门","数据库"
"数据库类","产品品类数据总库","12","预计失效日","预计失效日","PatentDocument / PatentFamily / Party","外部/业务事实","外部数据库自动采集 + 人工校验","高变化/事件驱动","普通变更历史","低/按记录继承","可选AI辅助","类型校验 + 必填/唯一性按业务配置","对应领域实体的结构化字段","部门","数据库"
"数据库类","产品品类数据总库","13","备注","备注","Generic / Context-specific","业务事实/描述","人工维护/系统派生","按业务事件更新","普通变更历史","低/按记录继承","可选AI辅助","类型校验 + 必填/唯一性按业务配置","视图本地字段或CustomField；达到高频阈值后实体化","部门","数据库"
"数据库类","产品品类数据总库","14","技术模块分类（可能多级）","技术模块","TechnologyTaxonomy / TechnicalKnowledge","业务事实/描述","人工维护/系统派生","按业务事件更新","普通变更历史","低/按记录继承","可选AI辅助","技术分类树引用，可多选","对应领域实体的结构化字段","部门","数据库"
"数据库类","产品品类数据总库","15","相关度","相关性","RelevanceReview","专业判断/分析结论","专业人员人工判断（AI仅辅助）","按业务事件更新","普通变更历史","低/按记录继承","AI可辅助，不得作为最终责任结论","枚举/评分：无关/低/中/高 或 0-100","对应领域实体的结构化字段","部门","数据库"
"数据库类","产品品类数据总库","16","外部链接","外部专利链接","PatentDocument / PatentFamily / Party","引用/附件","人工维护/系统派生","按业务事件更新","普通变更历史","低/按记录继承","可选AI辅助","类型校验 + 必填/唯一性按业务配置","Attachment/Artifact实体 + 关联表","部门","数据库"
"数据库类","产品品类数据总库","17","公开号","公开号","PatentDocument / PatentFamily / Party","标识/主数据","外部数据库自动采集 + 人工校验","基本稳定/确认后近似不可变","来源审计：数据源/抓取时间/原文证据","低/按记录继承","不宜AI生成；应结构化采集/规则计算","类型校验 + 必填/唯一性按业务配置","对应领域实体的结构化字段","部门","数据库"
"数据库类","产品品类数据总库","18","历史分析报告号/链接","历史分析报告","Artifact / Attachment / Report","引用/附件","人工维护/系统派生","按业务事件更新","普通变更历史","低/按记录继承","可选AI辅助","类型校验 + 必填/唯一性按业务配置","Attachment/Artifact实体 + 关联表","部门","数据库"
"数据库类","产品品类数据总库","19","历史分析结论","历史分析结论","Generic / Context-specific","业务事实/描述","人工维护/系统派生","按业务事件更新","普通变更历史","低/按记录继承","可选AI辅助","类型校验 + 必填/唯一性按业务配置","视图本地字段或CustomField；达到高频阈值后实体化","部门","数据库"
"数据库类","单一技术主题模块库","1","独立权利要求","独立权利要求","PatentDocument / PatentFamily / Party","业务事实/描述","外部数据库自动采集 + 人工校验","低频变化/版本化","来源审计：数据源/抓取时间/原文证据","低/按记录继承","可选AI辅助","类型校验 + 必填/唯一性按业务配置","对应领域实体的结构化字段","部门","数据库"
"数据库类","单一技术主题模块库","2","权利要求翻译","权利要求翻译","PatentDocument / PatentFamily / Party","业务事实/描述","AI初加工 + 人工复核","按业务事件更新","普通变更历史","低/按记录继承","适合AI生成，必须保留模型/提示词/输入哈希/人工确认","类型校验 + 必填/唯一性按业务配置","对应领域实体的结构化字段","部门","数据库"
"数据库类","单一技术主题模块库","3","摘要翻译","摘要翻译","PatentDocument / PatentFamily / Party","业务事实/描述","AI初加工 + 人工复核","按业务事件更新","普通变更历史","低/按记录继承","适合AI生成，必须保留模型/提示词/输入哈希/人工确认","类型校验 + 必填/唯一性按业务配置","对应领域实体的结构化字段","部门","数据库"
"数据库类","单一技术主题模块库","4","AI技术问题","技术问题摘要","TechnologyTaxonomy / TechnicalKnowledge","专业判断/分析结论","AI初加工 + 人工复核","按业务事件更新","普通变更历史","低/按记录继承","适合AI生成，必须保留模型/提示词/输入哈希/人工确认","类型校验 + 必填/唯一性按业务配置","对应领域实体的结构化字段","部门","数据库"
"数据库类","单一技术主题模块库","5","技术手段","技术方案摘要","TechnologyTaxonomy / TechnicalKnowledge","专业判断/分析结论","AI初加工 + 人工复核","按业务事件更新","普通变更历史","低/按记录继承","适合AI生成，必须保留模型/提示词/输入哈希/人工确认","类型校验 + 必填/唯一性按业务配置","对应领域实体的结构化字段","部门","数据库"
"数据库类","单一技术主题模块库","6","技术效果","技术效果摘要","TechnologyTaxonomy / TechnicalKnowledge","专业判断/分析结论","AI初加工 + 人工复核","按业务事件更新","普通变更历史","低/按记录继承","适合AI生成，必须保留模型/提示词/输入哈希/人工确认","类型校验 + 必填/唯一性按业务配置","对应领域实体的结构化字段","部门","数据库"
"数据库类","单一技术主题模块库","7","同族专利号","专利族关联","Relation / Link Entity","业务事实/描述","人工维护/系统派生","按业务事件更新","普通变更历史","低/按记录继承","可选AI辅助","类型校验 + 必填/唯一性按业务配置","关系表（多对多/带属性），禁止逗号拼接","部门","数据库"
"数据库类","单一技术主题模块库","8","标准申请人","标准申请人","PatentDocument / PatentFamily / Party","业务事实/描述","外部数据库自动采集 + 人工校验","按业务事件更新","普通变更历史","低/按记录继承","可选AI辅助","类型校验 + 必填/唯一性按业务配置","对应领域实体的结构化字段","部门","数据库"
"数据库类","单一技术主题模块库","9","优先权日","优先权日","PatentDocument / PatentFamily / Party","外部/业务事实","外部数据库自动采集 + 人工校验","基本稳定/确认后近似不可变","来源审计：数据源/抓取时间/原文证据","低/按记录继承","不宜AI生成；应结构化采集/规则计算","类型校验 + 必填/唯一性按业务配置","对应领域实体的结构化字段","部门","数据库"
"数据库类","单一技术主题模块库","10","申请日","申请日","PatentDocument / PatentFamily / Party","外部/业务事实","外部数据库自动采集 + 人工校验","基本稳定/确认后近似不可变","来源审计：数据源/抓取时间/原文证据","低/按记录继承","不宜AI生成；应结构化采集/规则计算","类型校验 + 必填/唯一性按业务配置","对应领域实体的结构化字段","部门","数据库"
"数据库类","单一技术主题模块库","11","首次公开日","公开日","PatentDocument / PatentFamily / Party","外部/业务事实","外部数据库自动采集 + 人工校验","按业务事件更新","普通变更历史","低/按记录继承","可选AI辅助","类型校验 + 必填/唯一性按业务配置","对应领域实体的结构化字段","部门","数据库"
"数据库类","单一技术主题模块库","12","预计失效日","预计失效日","PatentDocument / PatentFamily / Party","外部/业务事实","外部数据库自动采集 + 人工校验","高变化/事件驱动","普通变更历史","低/按记录继承","可选AI辅助","类型校验 + 必填/唯一性按业务配置","对应领域实体的结构化字段","部门","数据库"
"数据库类","单一技术主题模块库","13","其他备注","备注","Generic / Context-specific","业务事实/描述","人工维护/系统派生","按业务事件更新","普通变更历史","低/按记录继承","可选AI辅助","类型校验 + 必填/唯一性按业务配置","视图本地字段或CustomField；达到高频阈值后实体化","部门","数据库"
"数据库类","单一技术主题模块库","14","技术模块分类（可能多级）","技术模块","TechnologyTaxonomy / TechnicalKnowledge","业务事实/描述","人工维护/系统派生","按业务事件更新","普通变更历史","低/按记录继承","可选AI辅助","技术分类树引用，可多选","对应领域实体的结构化字段","部门","数据库"
"数据库类","单一技术主题模块库","15","相关度","相关性","RelevanceReview","专业判断/分析结论","专业人员人工判断（AI仅辅助）","按业务事件更新","普通变更历史","低/按记录继承","AI可辅助，不得作为最终责任结论","枚举/评分：无关/低/中/高 或 0-100","对应领域实体的结构化字段","部门","数据库"
"数据库类","单一技术主题模块库","16","外部链接","外部专利链接","PatentDocument / PatentFamily / Party","引用/附件","人工维护/系统派生","按业务事件更新","普通变更历史","低/按记录继承","可选AI辅助","类型校验 + 必填/唯一性按业务配置","Attachment/Artifact实体 + 关联表","部门","数据库"
"数据库类","单一技术主题模块库","17","公开号","公开号","PatentDocument / PatentFamily / Party","标识/主数据","外部数据库自动采集 + 人工校验","基本稳定/确认后近似不可变","来源审计：数据源/抓取时间/原文证据","低/按记录继承","不宜AI生成；应结构化采集/规则计算","类型校验 + 必填/唯一性按业务配置","对应领域实体的结构化字段","部门","数据库"
"数据库类","单一技术主题模块库","18","历史分析报告号/链接","历史分析报告","Artifact / Attachment / Report","引用/附件","人工维护/系统派生","按业务事件更新","普通变更历史","低/按记录继承","可选AI辅助","类型校验 + 必填/唯一性按业务配置","Attachment/Artifact实体 + 关联表","部门","数据库"
"数据库类","单一技术主题模块库","19","历史分析结论","历史分析结论","Generic / Context-specific","业务事实/描述","人工维护/系统派生","按业务事件更新","普通变更历史","低/按记录继承","可选AI辅助","类型校验 + 必填/唯一性按业务配置","视图本地字段或CustomField；达到高频阈值后实体化","部门","数据库"
"数据库类","特殊国家地区专利库","1","独立权利要求","独立权利要求","PatentDocument / PatentFamily / Party","业务事实/描述","外部数据库自动采集 + 人工校验","低频变化/版本化","来源审计：数据源/抓取时间/原文证据","低/按记录继承","可选AI辅助","类型校验 + 必填/唯一性按业务配置","对应领域实体的结构化字段","部门","数据库"
"数据库类","特殊国家地区专利库","2","权利要求翻译","权利要求翻译","PatentDocument / PatentFamily / Party","业务事实/描述","AI初加工 + 人工复核","按业务事件更新","普通变更历史","低/按记录继承","适合AI生成，必须保留模型/提示词/输入哈希/人工确认","类型校验 + 必填/唯一性按业务配置","对应领域实体的结构化字段","部门","数据库"
"数据库类","特殊国家地区专利库","3","摘要翻译","摘要翻译","PatentDocument / PatentFamily / Party","业务事实/描述","AI初加工 + 人工复核","按业务事件更新","普通变更历史","低/按记录继承","适合AI生成，必须保留模型/提示词/输入哈希/人工确认","类型校验 + 必填/唯一性按业务配置","对应领域实体的结构化字段","部门","数据库"
"数据库类","特殊国家地区专利库","4","AI技术问题","技术问题摘要","TechnologyTaxonomy / TechnicalKnowledge","专业判断/分析结论","AI初加工 + 人工复核","按业务事件更新","普通变更历史","低/按记录继承","适合AI生成，必须保留模型/提示词/输入哈希/人工确认","类型校验 + 必填/唯一性按业务配置","对应领域实体的结构化字段","部门","数据库"
"数据库类","特殊国家地区专利库","5","技术手段","技术方案摘要","TechnologyTaxonomy / TechnicalKnowledge","专业判断/分析结论","AI初加工 + 人工复核","按业务事件更新","普通变更历史","低/按记录继承","适合AI生成，必须保留模型/提示词/输入哈希/人工确认","类型校验 + 必填/唯一性按业务配置","对应领域实体的结构化字段","部门","数据库"
"数据库类","特殊国家地区专利库","6","技术效果","技术效果摘要","TechnologyTaxonomy / TechnicalKnowledge","专业判断/分析结论","AI初加工 + 人工复核","按业务事件更新","普通变更历史","低/按记录继承","适合AI生成，必须保留模型/提示词/输入哈希/人工确认","类型校验 + 必填/唯一性按业务配置","对应领域实体的结构化字段","部门","数据库"
"数据库类","特殊国家地区专利库","7","同族专利号","专利族关联","Relation / Link Entity","业务事实/描述","人工维护/系统派生","按业务事件更新","普通变更历史","低/按记录继承","可选AI辅助","类型校验 + 必填/唯一性按业务配置","关系表（多对多/带属性），禁止逗号拼接","部门","数据库"
"数据库类","特殊国家地区专利库","8","标准申请人","标准申请人","PatentDocument / PatentFamily / Party","业务事实/描述","外部数据库自动采集 + 人工校验","按业务事件更新","普通变更历史","低/按记录继承","可选AI辅助","类型校验 + 必填/唯一性按业务配置","对应领域实体的结构化字段","部门","数据库"
"数据库类","特殊国家地区专利库","9","优先权日","优先权日","PatentDocument / PatentFamily / Party","外部/业务事实","外部数据库自动采集 + 人工校验","基本稳定/确认后近似不可变","来源审计：数据源/抓取时间/原文证据","低/按记录继承","不宜AI生成；应结构化采集/规则计算","类型校验 + 必填/唯一性按业务配置","对应领域实体的结构化字段","部门","数据库"
"数据库类","特殊国家地区专利库","10","申请日","申请日","PatentDocument / PatentFamily / Party","外部/业务事实","外部数据库自动采集 + 人工校验","基本稳定/确认后近似不可变","来源审计：数据源/抓取时间/原文证据","低/按记录继承","不宜AI生成；应结构化采集/规则计算","类型校验 + 必填/唯一性按业务配置","对应领域实体的结构化字段","部门","数据库"
"数据库类","特殊国家地区专利库","11","首次公开日","公开日","PatentDocument / PatentFamily / Party","外部/业务事实","外部数据库自动采集 + 人工校验","按业务事件更新","普通变更历史","低/按记录继承","可选AI辅助","类型校验 + 必填/唯一性按业务配置","对应领域实体的结构化字段","部门","数据库"
"数据库类","特殊国家地区专利库","12","预计失效日","预计失效日","PatentDocument / PatentFamily / Party","外部/业务事实","外部数据库自动采集 + 人工校验","高变化/事件驱动","普通变更历史","低/按记录继承","可选AI辅助","类型校验 + 必填/唯一性按业务配置","对应领域实体的结构化字段","部门","数据库"
"数据库类","特殊国家地区专利库","13","其他备注","备注","Generic / Context-specific","业务事实/描述","人工维护/系统派生","按业务事件更新","普通变更历史","低/按记录继承","可选AI辅助","类型校验 + 必填/唯一性按业务配置","视图本地字段或CustomField；达到高频阈值后实体化","部门","数据库"
"数据库类","特殊国家地区专利库","14","技术模块分类（可能多级）","技术模块","TechnologyTaxonomy / TechnicalKnowledge","业务事实/描述","人工维护/系统派生","按业务事件更新","普通变更历史","低/按记录继承","可选AI辅助","技术分类树引用，可多选","对应领域实体的结构化字段","部门","数据库"
"数据库类","特殊国家地区专利库","15","相关度","相关性","RelevanceReview","专业判断/分析结论","专业人员人工判断（AI仅辅助）","按业务事件更新","普通变更历史","低/按记录继承","AI可辅助，不得作为最终责任结论","枚举/评分：无关/低/中/高 或 0-100","对应领域实体的结构化字段","部门","数据库"
"数据库类","特殊国家地区专利库","16","外部链接","外部专利链接","PatentDocument / PatentFamily / Party","引用/附件","人工维护/系统派生","按业务事件更新","普通变更历史","低/按记录继承","可选AI辅助","类型校验 + 必填/唯一性按业务配置","Attachment/Artifact实体 + 关联表","部门","数据库"
"数据库类","特殊国家地区专利库","17","公开号","公开号","PatentDocument / PatentFamily / Party","标识/主数据","外部数据库自动采集 + 人工校验","基本稳定/确认后近似不可变","来源审计：数据源/抓取时间/原文证据","低/按记录继承","不宜AI生成；应结构化采集/规则计算","类型校验 + 必填/唯一性按业务配置","对应领域实体的结构化字段","部门","数据库"
"数据库类","特殊国家地区专利库","18","历史分析报告号/链接","历史分析报告","Artifact / Attachment / Report","引用/附件","人工维护/系统派生","按业务事件更新","普通变更历史","低/按记录继承","可选AI辅助","类型校验 + 必填/唯一性按业务配置","Attachment/Artifact实体 + 关联表","部门","数据库"
"数据库类","特殊国家地区专利库","19","历史分析结论","历史分析结论","Generic / Context-specific","业务事实/描述","人工维护/系统派生","按业务事件更新","普通变更历史","低/按记录继承","可选AI辅助","类型校验 + 必填/唯一性按业务配置","视图本地字段或CustomField；达到高频阈值后实体化","部门","数据库"
"数据库类","技术主题专利调查表","1","调查主题","调查主题","TechnologyTaxonomy / TechnicalKnowledge","业务事实/描述","人工维护/系统派生","按业务事件更新","普通变更历史","低/按记录继承","可选AI辅助","类型校验 + 必填/唯一性按业务配置","对应领域实体的结构化字段","个人/小组","过程性"
"数据库类","技术主题专利调查表","2","技术细分支","技术细分支","TechnologyTaxonomy / TechnicalKnowledge","业务事实/描述","人工维护/系统派生","按业务事件更新","普通变更历史","低/按记录继承","可选AI辅助","类型校验 + 必填/唯一性按业务配置","对应领域实体的结构化字段","个人/小组","过程性"
"数据库类","技术主题专利调查表","3","公开号","公开号","PatentDocument / PatentFamily / Party","标识/主数据","外部数据库自动采集 + 人工校验","基本稳定/确认后近似不可变","来源审计：数据源/抓取时间/原文证据","低/按记录继承","不宜AI生成；应结构化采集/规则计算","类型校验 + 必填/唯一性按业务配置","对应领域实体的结构化字段","个人/小组","过程性"
"数据库类","技术主题专利调查表","4","专利权人","专利权人","PatentDocument / PatentFamily / Party","业务事实/描述","外部数据库自动采集 + 人工校验","低频变化/版本化","普通变更历史","低/按记录继承","可选AI辅助","类型校验 + 必填/唯一性按业务配置","对应领域实体的结构化字段","个人/小组","过程性"
"数据库类","技术主题专利调查表","5","独立权利要求","独立权利要求","PatentDocument / PatentFamily / Party","业务事实/描述","外部数据库自动采集 + 人工校验","低频变化/版本化","来源审计：数据源/抓取时间/原文证据","低/按记录继承","可选AI辅助","类型校验 + 必填/唯一性按业务配置","对应领域实体的结构化字段","个人/小组","过程性"
"数据库类","技术主题专利调查表","6","保护点概要","保护点概要","TechnologyTaxonomy / TechnicalKnowledge","专业判断/分析结论","AI初加工 + 人工复核","按业务事件更新","普通变更历史","低/按记录继承","适合AI生成，必须保留模型/提示词/输入哈希/人工确认","类型校验 + 必填/唯一性按业务配置","对应领域实体的结构化字段","个人/小组","过程性"
"数据库类","技术主题专利调查表","7","技术模块","技术模块","TechnologyTaxonomy / TechnicalKnowledge","业务事实/描述","人工维护/系统派生","按业务事件更新","普通变更历史","低/按记录继承","可选AI辅助","技术分类树引用，可多选","对应领域实体的结构化字段","个人/小组","过程性"
"数据库类","技术主题专利调查表","8","相关度","相关性","RelevanceReview","专业判断/分析结论","专业人员人工判断（AI仅辅助）","按业务事件更新","普通变更历史","低/按记录继承","AI可辅助，不得作为最终责任结论","枚举/评分：无关/低/中/高 或 0-100","对应领域实体的结构化字段","个人/小组","过程性"
"数据库类","技术主题专利调查表","9","外部链接","外部专利链接","PatentDocument / PatentFamily / Party","引用/附件","人工维护/系统派生","按业务事件更新","普通变更历史","低/按记录继承","可选AI辅助","类型校验 + 必填/唯一性按业务配置","Attachment/Artifact实体 + 关联表","个人/小组","过程性"
"数据库类","技术主题专利调查表","10","调查备注","调查备注","Generic / Context-specific","业务事实/描述","人工维护/系统派生","按业务事件更新","普通变更历史","低/按记录继承","可选AI辅助","类型校验 + 必填/唯一性按业务配置","视图本地字段或CustomField；达到高频阈值后实体化","个人/小组","过程性"
"数据库类","月度竞对跟踪表","1","公开号","公开号","PatentDocument / PatentFamily / Party","标识/主数据","外部数据库自动采集 + 人工校验","基本稳定/确认后近似不可变","来源审计：数据源/抓取时间/原文证据","低/按记录继承","不宜AI生成；应结构化采集/规则计算","类型校验 + 必填/唯一性按业务配置","对应领域实体的结构化字段","小组","数据库/流程性"
"数据库类","月度竞对跟踪表","2","专利权人","专利权人","PatentDocument / PatentFamily / Party","业务事实/描述","外部数据库自动采集 + 人工校验","低频变化/版本化","普通变更历史","低/按记录继承","可选AI辅助","类型校验 + 必填/唯一性按业务配置","对应领域实体的结构化字段","小组","数据库/流程性"
"数据库类","月度竞对跟踪表","3","保护主题概要","保护点概要","TechnologyTaxonomy / TechnicalKnowledge","专业判断/分析结论","AI初加工 + 人工复核","按业务事件更新","普通变更历史","低/按记录继承","适合AI生成，必须保留模型/提示词/输入哈希/人工确认","类型校验 + 必填/唯一性按业务配置","对应领域实体的结构化字段","小组","数据库/流程性"
"数据库类","月度竞对跟踪表","4","产品类型","产品品类","Product / ProductCategory","业务事实/描述","人工维护/系统派生","按业务事件更新","普通变更历史","低/按记录继承","可选AI辅助","产品分类树引用","对应领域实体的结构化字段","小组","数据库/流程性"
"数据库类","月度竞对跟踪表","5","独立权利要求","独立权利要求","PatentDocument / PatentFamily / Party","业务事实/描述","外部数据库自动采集 + 人工校验","低频变化/版本化","来源审计：数据源/抓取时间/原文证据","低/按记录继承","可选AI辅助","类型校验 + 必填/唯一性按业务配置","对应领域实体的结构化字段","小组","数据库/流程性"
"数据库类","月度竞对跟踪表","6","权利要求翻译","权利要求翻译","PatentDocument / PatentFamily / Party","业务事实/描述","AI初加工 + 人工复核","按业务事件更新","普通变更历史","低/按记录继承","适合AI生成，必须保留模型/提示词/输入哈希/人工确认","类型校验 + 必填/唯一性按业务配置","对应领域实体的结构化字段","小组","数据库/流程性"
"数据库类","月度竞对跟踪表","7","摘要翻译","摘要翻译","PatentDocument / PatentFamily / Party","业务事实/描述","AI初加工 + 人工复核","按业务事件更新","普通变更历史","低/按记录继承","适合AI生成，必须保留模型/提示词/输入哈希/人工确认","类型校验 + 必填/唯一性按业务配置","对应领域实体的结构化字段","小组","数据库/流程性"
"数据库类","月度竞对跟踪表","8","同族专利号","专利族关联","Relation / Link Entity","业务事实/描述","人工维护/系统派生","按业务事件更新","普通变更历史","低/按记录继承","可选AI辅助","类型校验 + 必填/唯一性按业务配置","关系表（多对多/带属性），禁止逗号拼接","小组","数据库/流程性"
"数据库类","月度竞对跟踪表","9","标准申请人","标准申请人","PatentDocument / PatentFamily / Party","业务事实/描述","外部数据库自动采集 + 人工校验","按业务事件更新","普通变更历史","低/按记录继承","可选AI辅助","类型校验 + 必填/唯一性按业务配置","对应领域实体的结构化字段","小组","数据库/流程性"
"数据库类","月度竞对跟踪表","10","优先权日","优先权日","PatentDocument / PatentFamily / Party","外部/业务事实","外部数据库自动采集 + 人工校验","基本稳定/确认后近似不可变","来源审计：数据源/抓取时间/原文证据","低/按记录继承","不宜AI生成；应结构化采集/规则计算","类型校验 + 必填/唯一性按业务配置","对应领域实体的结构化字段","小组","数据库/流程性"
"数据库类","月度竞对跟踪表","11","申请日","申请日","PatentDocument / PatentFamily / Party","外部/业务事实","外部数据库自动采集 + 人工校验","基本稳定/确认后近似不可变","来源审计：数据源/抓取时间/原文证据","低/按记录继承","不宜AI生成；应结构化采集/规则计算","类型校验 + 必填/唯一性按业务配置","对应领域实体的结构化字段","小组","数据库/流程性"
"数据库类","月度竞对跟踪表","12","首次公开日","公开日","PatentDocument / PatentFamily / Party","外部/业务事实","外部数据库自动采集 + 人工校验","按业务事件更新","普通变更历史","低/按记录继承","可选AI辅助","类型校验 + 必填/唯一性按业务配置","对应领域实体的结构化字段","小组","数据库/流程性"
"数据库类","月度竞对跟踪表","13","预计失效日","预计失效日","PatentDocument / PatentFamily / Party","外部/业务事实","外部数据库自动采集 + 人工校验","高变化/事件驱动","普通变更历史","低/按记录继承","可选AI辅助","类型校验 + 必填/唯一性按业务配置","对应领域实体的结构化字段","小组","数据库/流程性"
"数据库类","月度竞对跟踪表","14","其他备注","备注","Generic / Context-specific","业务事实/描述","人工维护/系统派生","按业务事件更新","普通变更历史","低/按记录继承","可选AI辅助","类型校验 + 必填/唯一性按业务配置","视图本地字段或CustomField；达到高频阈值后实体化","小组","数据库/流程性"
"数据库类","月度竞对跟踪表","15","外部链接","外部专利链接","PatentDocument / PatentFamily / Party","引用/附件","人工维护/系统派生","按业务事件更新","普通变更历史","低/按记录继承","可选AI辅助","类型校验 + 必填/唯一性按业务配置","Attachment/Artifact实体 + 关联表","小组","数据库/流程性"
"数据库类","日常相关专利积累","1","公开号","公开号","PatentDocument / PatentFamily / Party","标识/主数据","外部数据库自动采集 + 人工校验","基本稳定/确认后近似不可变","来源审计：数据源/抓取时间/原文证据","低/按记录继承","不宜AI生成；应结构化采集/规则计算","类型校验 + 必填/唯一性按业务配置","对应领域实体的结构化字段","个人/小组","过程性"
"数据库类","日常相关专利积累","2","专利权人","专利权人","PatentDocument / PatentFamily / Party","业务事实/描述","外部数据库自动采集 + 人工校验","低频变化/版本化","普通变更历史","低/按记录继承","可选AI辅助","类型校验 + 必填/唯一性按业务配置","对应领域实体的结构化字段","个人/小组","过程性"
"数据库类","日常相关专利积累","3","保护主题概要","保护点概要","TechnologyTaxonomy / TechnicalKnowledge","专业判断/分析结论","AI初加工 + 人工复核","按业务事件更新","普通变更历史","低/按记录继承","适合AI生成，必须保留模型/提示词/输入哈希/人工确认","类型校验 + 必填/唯一性按业务配置","对应领域实体的结构化字段","个人/小组","过程性"
"数据库类","日常相关专利积累","4","技术模块","技术模块","TechnologyTaxonomy / TechnicalKnowledge","业务事实/描述","人工维护/系统派生","按业务事件更新","普通变更历史","低/按记录继承","可选AI辅助","技术分类树引用，可多选","对应领域实体的结构化字段","个人/小组","过程性"
"数据库类","日常相关专利积累","5","产品类型","产品品类","Product / ProductCategory","业务事实/描述","人工维护/系统派生","按业务事件更新","普通变更历史","低/按记录继承","可选AI辅助","产品分类树引用","对应领域实体的结构化字段","个人/小组","过程性"
"数据库类","日常相关专利积累","6","其他备注","备注","Generic / Context-specific","业务事实/描述","人工维护/系统派生","按业务事件更新","普通变更历史","低/按记录继承","可选AI辅助","类型校验 + 必填/唯一性按业务配置","视图本地字段或CustomField；达到高频阈值后实体化","个人/小组","过程性"
"中间过程表","数据库专利相关性复核表","1","基础数据库记录","基础数据库记录","RelevanceReview","业务事实/描述","人工维护/系统派生","按业务事件更新","普通变更历史","低/按记录继承","可选AI辅助","类型校验 + 必填/唯一性按业务配置","对应领域实体的结构化字段","检索组","过程性"
"中间过程表","数据库专利相关性复核表","2","相关性标签","相关性","RelevanceReview","专业判断/分析结论","专业人员人工判断（AI仅辅助）","按业务事件更新","普通变更历史","低/按记录继承","AI可辅助，不得作为最终责任结论","枚举/评分：无关/低/中/高 或 0-100","对应领域实体的结构化字段","检索组","过程性"
"中间过程表","数据库专利相关性复核表","3","复核备注","复核备注","RelevanceReview","业务事实/描述","人工维护/系统派生","按业务事件更新","普通变更历史","低/按记录继承","可选AI辅助","类型校验 + 必填/唯一性按业务配置","对应领域实体的结构化字段","检索组","过程性"
"中间过程表","数据库专利相关性复核表","4","本次复核的产品号","产品编号","Product / ProductCategory","标识/主数据","人工维护/系统派生","基本稳定/确认后近似不可变","普通变更历史","中","可选AI辅助","类型校验 + 必填/唯一性按业务配置","对应领域实体的结构化字段","检索组","过程性"
"中间过程表","数据库专利相关性复核表","5","本次待检方案特征","待检方案特征","ClaimAnalysis / Evidence / TechnicalFeature","业务事实/描述","人工维护/系统派生","按业务事件更新","普通变更历史","高","可选AI辅助","类型校验 + 必填/唯一性按业务配置","对应领域实体的结构化字段","检索组","过程性"
"中间过程表","数据库专利相关性复核表","6","出货地","出货地区","Generic / Context-specific","业务事实/描述","人工维护/系统派生","按业务事件更新","普通变更历史","低/按记录继承","可选AI辅助","类型校验 + 必填/唯一性按业务配置","视图本地字段或CustomField；达到高频阈值后实体化","检索组","过程性"
"中间过程表","检索结果表","1","检索流程TC号","检索流程编号","SearchCase / SearchStrategy / SearchRun","标识/主数据","检索师 + 检索平台","按业务事件更新","普通变更历史","低/按记录继承","可选AI辅助","类型校验 + 必填/唯一性按业务配置","对应领域实体的结构化字段","检索组","过程性"
"中间过程表","检索结果表","2","公开号","公开号","PatentDocument / PatentFamily / Party","标识/主数据","外部数据库自动采集 + 人工校验","基本稳定/确认后近似不可变","来源审计：数据源/抓取时间/原文证据","低/按记录继承","不宜AI生成；应结构化采集/规则计算","类型校验 + 必填/唯一性按业务配置","对应领域实体的结构化字段","检索组","过程性"
"中间过程表","检索结果表","3","同族公开号","专利族关联","Relation / Link Entity","业务事实/描述","人工维护/系统派生","按业务事件更新","普通变更历史","低/按记录继承","可选AI辅助","类型校验 + 必填/唯一性按业务配置","关系表（多对多/带属性），禁止逗号拼接","检索组","过程性"
"中间过程表","检索结果表","4","法律状态","法律状态","PatentDocument / PatentFamily / Party","当前状态快照（应有事件历史）","外部数据库自动采集 + 人工校验","高变化/事件驱动","强审计：旧值/新值/人/时间/原因/审批","低/按记录继承","不宜AI生成；应结构化采集/规则计算","法域标准化状态映射 + 原始状态并存","当前快照字段 + 状态事件表（双层）","检索组","过程性"
"中间过程表","检索结果表","5","保护/揭示主题","保护/揭示主题","TechnologyTaxonomy / TechnicalKnowledge","业务事实/描述","人工维护/系统派生","按业务事件更新","普通变更历史","低/按记录继承","可选AI辅助","类型校验 + 必填/唯一性按业务配置","对应领域实体的结构化字段","检索组","过程性"
"中间过程表","检索结果表","6","用途（专利性评价/侵权风险排查）","检索用途","SearchCase / SearchStrategy / SearchRun","业务事实/描述","检索师 + 检索平台","按业务事件更新","普通变更历史","低/按记录继承","可选AI辅助","枚举：专利性/侵权风险/FTO/技术调查/其他","对应领域实体的结构化字段","检索组","过程性"
"中间过程表","检索结果表","7","专利权人","专利权人","PatentDocument / PatentFamily / Party","业务事实/描述","外部数据库自动采集 + 人工校验","低频变化/版本化","普通变更历史","低/按记录继承","可选AI辅助","类型校验 + 必填/唯一性按业务配置","对应领域实体的结构化字段","检索组","过程性"
"中间过程表","检索结果表","8","检索策略来源","检索策略来源","SearchCase / SearchStrategy / SearchRun","业务事实/描述","检索师 + 检索平台","按业务事件更新","普通变更历史","低/按记录继承","可选AI辅助","类型校验 + 必填/唯一性按业务配置","对应领域实体的结构化字段","检索组","过程性"
"中间过程表","检索结果表","9","与该专利相关的待检方案","待检方案特征","ClaimAnalysis / Evidence / TechnicalFeature","业务事实/描述","人工维护/系统派生","按业务事件更新","普通变更历史","高","可选AI辅助","类型校验 + 必填/唯一性按业务配置","对应领域实体的结构化字段","检索组","过程性"
"中间过程表","检索结果表","10","是否有历史风险","历史风险标志","RiskCase / RiskAssessment / Mitigation","业务事实/描述","人工维护/系统派生","按业务事件更新","普通变更历史","低/按记录继承","可选AI辅助","类型校验 + 必填/唯一性按业务配置","对应领域实体的结构化字段","检索组","过程性"
"中间过程表","检索结果表","11","该专利的分案续案风险","分案续案风险","RiskCase / RiskAssessment / Mitigation","专业判断/分析结论","专业人员人工判断（AI仅辅助）","高变化/事件驱动","普通变更历史","低/按记录继承","AI可辅助，不得作为最终责任结论","类型校验 + 必填/唯一性按业务配置","对应领域实体的结构化字段","检索组","过程性"
"中间过程表","检索策略记录","1","检索要素","检索要素","SearchCase / SearchStrategy / SearchRun","业务事实/描述","检索师 + 检索平台","按业务事件更新","普通变更历史","低/按记录继承","可选AI辅助","类型校验 + 必填/唯一性按业务配置","对应领域实体的结构化字段","检索组","过程性"
"中间过程表","检索策略记录","2","检索式","检索式","SearchCase / SearchStrategy / SearchRun","业务事实/描述","检索师 + 检索平台","按业务事件更新","普通变更历史","低/按记录继承","可选AI辅助","类型校验 + 必填/唯一性按业务配置","对应领域实体的结构化字段","检索组","过程性"
"中间过程表","检索策略记录","3","检索时间","检索时间","SearchCase / SearchStrategy / SearchRun","业务事实/描述","检索师 + 检索平台","按业务事件更新","普通变更历史","低/按记录继承","可选AI辅助","类型校验 + 必填/唯一性按业务配置","对应领域实体的结构化字段","检索组","过程性"
"中间过程表","检索策略记录","4","检索式找到的相关的专利号","检索命中文献","SearchCase / SearchStrategy / SearchRun","业务事实/描述","检索师 + 检索平台","按业务事件更新","普通变更历史","低/按记录继承","可选AI辅助","类型校验 + 必填/唯一性按业务配置","对应领域实体的结构化字段","检索组","过程性"
"中间过程表","检索策略记录","5","检索结果数量","检索结果数量","SearchCase / SearchStrategy / SearchRun","度量","检索师 + 检索平台","按业务事件更新","普通变更历史","低/按记录继承","可选AI辅助","类型校验 + 必填/唯一性按业务配置","对应领域实体的结构化字段","检索组","过程性"
"中间过程表","检索策略记录","6","单一检索式思路","单式检索思路","SearchCase / SearchStrategy / SearchRun","业务事实/描述","检索师 + 检索平台","按业务事件更新","普通变更历史","低/按记录继承","可选AI辅助","类型校验 + 必填/唯一性按业务配置","对应领域实体的结构化字段","检索组","过程性"
"中间过程表","检索策略记录","7","完整检索策略思路","完整检索策略","SearchCase / SearchStrategy / SearchRun","业务事实/描述","检索师 + 检索平台","按业务事件更新","普通变更历史","低/按记录继承","可选AI辅助","类型校验 + 必填/唯一性按业务配置","对应领域实体的结构化字段","检索组","过程性"
"中间过程表","检索策略记录","8","选用的数据库平台/查询的数据眼","检索数据库/数据源","SearchCase / SearchStrategy / SearchRun","业务事实/描述","检索师 + 检索平台","按业务事件更新","普通变更历史","低/按记录继承","可选AI辅助","类型校验 + 必填/唯一性按业务配置","对应领域实体的结构化字段","检索组","过程性"
"中间过程表","检索策略记录","9","其他筛选策略","其他筛选策略","SearchCase / SearchStrategy / SearchRun","业务事实/描述","检索师 + 检索平台","按业务事件更新","普通变更历史","低/按记录继承","可选AI辅助","类型校验 + 必填/唯一性按业务配置","对应领域实体的结构化字段","检索组","过程性"
"中间过程表","检索沟通记录","1","项目号","项目编号","Project / ProjectSolutionVersion","标识/主数据","项目/研发/产品团队反馈","基本稳定/确认后近似不可变","普通变更历史","中","可选AI辅助","类型校验 + 必填/唯一性按业务配置","对应领域实体的结构化字段","检索组/研发","过程性"
"中间过程表","检索沟通记录","2","产品号","产品编号","Product / ProductCategory","标识/主数据","人工维护/系统派生","基本稳定/确认后近似不可变","普通变更历史","中","可选AI辅助","类型校验 + 必填/唯一性按业务配置","对应领域实体的结构化字段","检索组/研发","过程性"
"中间过程表","检索沟通记录","3","产品名称","产品名称","Product / ProductCategory","业务事实/描述","人工维护/系统派生","按业务事件更新","普通变更历史","低/按记录继承","可选AI辅助","类型校验 + 必填/唯一性按业务配置","对应领域实体的结构化字段","检索组/研发","过程性"
"中间过程表","检索沟通记录","4","产品类型","产品品类","Product / ProductCategory","业务事实/描述","人工维护/系统派生","按业务事件更新","普通变更历史","低/按记录继承","可选AI辅助","产品分类树引用","对应领域实体的结构化字段","检索组/研发","过程性"
"中间过程表","检索沟通记录","5","项目负责人","项目负责人","Project / ProjectSolutionVersion","业务事实/描述","项目/研发/产品团队反馈","按业务事件更新","普通变更历史","低/按记录继承","可选AI辅助","类型校验 + 必填/唯一性按业务配置","对应领域实体的结构化字段","检索组/研发","过程性"
"中间过程表","检索沟通记录","6","出货地区","出货地区","Generic / Context-specific","业务事实/描述","人工维护/系统派生","按业务事件更新","普通变更历史","低/按记录继承","可选AI辅助","类型校验 + 必填/唯一性按业务配置","视图本地字段或CustomField；达到高频阈值后实体化","检索组/研发","过程性"
"中间过程表","检索沟通记录","7","项目当前阶段","项目阶段","Project / ProjectSolutionVersion","当前状态快照（应有事件历史）","项目/研发/产品团队反馈","高变化/事件驱动","普通变更历史","中","可选AI辅助","项目阶段状态机","当前快照字段 + 状态事件表（双层）","检索组/研发","过程性"
"中间过程表","检索沟通记录","8","产品图示","产品图示","Product / ProductCategory","引用/附件","人工维护/系统派生","按业务事件更新","普通变更历史","低/按记录继承","可选AI辅助","类型校验 + 必填/唯一性按业务配置","Attachment/Artifact实体 + 关联表","检索组/研发","过程性"
"中间过程表","检索沟通记录","9","本次沟通时间","沟通时间","Meeting / Decision / Communication","业务事实/描述","人工维护/系统派生","按业务事件更新","普通变更历史","低/按记录继承","可选AI辅助","类型校验 + 必填/唯一性按业务配置","对应领域实体的结构化字段","检索组/研发","过程性"
"中间过程表","检索沟通记录","10","沟通人","沟通人","Meeting / Decision / Communication","业务事实/描述","人工维护/系统派生","按业务事件更新","普通变更历史","低/按记录继承","可选AI辅助","类型校验 + 必填/唯一性按业务配置","对应领域实体的结构化字段","检索组/研发","过程性"
"中间过程表","检索沟通记录","11","所涉及的方案","所涉及的方案","TechnologyTaxonomy / TechnicalKnowledge","业务事实/描述","人工维护/系统派生","按业务事件更新","普通变更历史","低/按记录继承","可选AI辅助","类型校验 + 必填/唯一性按业务配置","对应领域实体的结构化字段","检索组/研发","过程性"
"中间过程表","检索沟通记录","12","方案相关的背景","方案相关的背景","TechnologyTaxonomy / TechnicalKnowledge","业务事实/描述","人工维护/系统派生","按业务事件更新","普通变更历史","低/按记录继承","可选AI辅助","类型校验 + 必填/唯一性按业务配置","对应领域实体的结构化字段","检索组/研发","过程性"
"中间过程表","检索沟通记录","13","排查思路","排查思路","TechnologyTaxonomy / TechnicalKnowledge","业务事实/描述","人工维护/系统派生","按业务事件更新","普通变更历史","低/按记录继承","可选AI辅助","类型校验 + 必填/唯一性按业务配置","对应领域实体的结构化字段","检索组/研发","过程性"
"中间过程表","分析结论表","1","本次待检方案特征","待检方案特征","ClaimAnalysis / Evidence / TechnicalFeature","业务事实/描述","人工维护/系统派生","按业务事件更新","普通变更历史","高","可选AI辅助","类型校验 + 必填/唯一性按业务配置","对应领域实体的结构化字段","分析组","风险"
"中间过程表","分析结论表","2","出货地","出货地区","Generic / Context-specific","业务事实/描述","人工维护/系统派生","按业务事件更新","普通变更历史","低/按记录继承","可选AI辅助","类型校验 + 必填/唯一性按业务配置","视图本地字段或CustomField；达到高频阈值后实体化","分析组","风险"
"中间过程表","分析结论表","3","专利族专利号","专利族关联","Relation / Link Entity","业务事实/描述","人工维护/系统派生","按业务事件更新","普通变更历史","低/按记录继承","可选AI辅助","类型校验 + 必填/唯一性按业务配置","关系表（多对多/带属性），禁止逗号拼接","分析组","风险"
"中间过程表","分析结论表","4","独立权利要求内容","独立权利要求","PatentDocument / PatentFamily / Party","业务事实/描述","外部数据库自动采集 + 人工校验","低频变化/版本化","来源审计：数据源/抓取时间/原文证据","低/按记录继承","可选AI辅助","类型校验 + 必填/唯一性按业务配置","对应领域实体的结构化字段","分析组","风险"
"中间过程表","分析结论表","5","从属权利要求内容","从属权利要求","ClaimAnalysis / Evidence / TechnicalFeature","业务事实/描述","人工维护/系统派生","按业务事件更新","普通变更历史","低/按记录继承","可选AI辅助","类型校验 + 必填/唯一性按业务配置","对应领域实体的结构化字段","分析组","风险"
"中间过程表","分析结论表","6","权利要求逐条分析","权利要求逐条分析","ClaimAnalysis / Evidence / TechnicalFeature","专业判断/分析结论","专业人员人工判断（AI仅辅助）","按业务事件更新","强审计：旧值/新值/人/时间/原因/审批","高","AI可辅助，不得作为最终责任结论","类型校验 + 必填/唯一性按业务配置","对应领域实体的结构化字段","分析组","风险"
"中间过程表","分析结论表","7","风险结论","风险结论","RiskCase / RiskAssessment / Mitigation","专业判断/分析结论","专业人员人工判断（AI仅辅助）","高变化/事件驱动","强审计：旧值/新值/人/时间/原因/审批","高","AI可辅助，不得作为最终责任结论","类型校验 + 必填/唯一性按业务配置","对应领域实体的结构化字段","分析组","风险"
"中间过程表","风险专利/前案检索特征比对表","1","风险专利号","风险专利关联","Relation / Link Entity","业务事实/描述","人工维护/系统派生","按业务事件更新","普通变更历史","低/按记录继承","可选AI辅助","类型校验 + 必填/唯一性按业务配置","关系表（多对多/带属性），禁止逗号拼接","分析组/检索组","风险/过程性"
"中间过程表","风险专利/前案检索特征比对表","2","专利权人","专利权人","PatentDocument / PatentFamily / Party","业务事实/描述","外部数据库自动采集 + 人工校验","低频变化/版本化","普通变更历史","低/按记录继承","可选AI辅助","类型校验 + 必填/唯一性按业务配置","对应领域实体的结构化字段","分析组/检索组","风险/过程性"
"中间过程表","风险专利/前案检索特征比对表","3","优先权时间","优先权日","PatentDocument / PatentFamily / Party","外部/业务事实","外部数据库自动采集 + 人工校验","基本稳定/确认后近似不可变","来源审计：数据源/抓取时间/原文证据","低/按记录继承","不宜AI生成；应结构化采集/规则计算","类型校验 + 必填/唯一性按业务配置","对应领域实体的结构化字段","分析组/检索组","风险/过程性"
"中间过程表","风险专利/前案检索特征比对表","4","风险专利权利要求内容","风险专利权利要求","ClaimAnalysis / Evidence / TechnicalFeature","业务事实/描述","人工维护/系统派生","按业务事件更新","普通变更历史","低/按记录继承","可选AI辅助","类型校验 + 必填/唯一性按业务配置","对应领域实体的结构化字段","分析组/检索组","风险/过程性"
"中间过程表","风险专利/前案检索特征比对表","5","专利附图","专利附图","PatentDocument / PatentFamily / Party","引用/附件","人工维护/系统派生","按业务事件更新","普通变更历史","低/按记录继承","可选AI辅助","类型校验 + 必填/唯一性按业务配置","Attachment/Artifact实体 + 关联表","分析组/检索组","风险/过程性"
"中间过程表","风险专利/前案检索特征比对表","6","风险专利单条权利要求拆解要素1-N及其翻译","权利要求要素拆解","ClaimAnalysis / Evidence / TechnicalFeature","业务事实/描述","人工维护/系统派生","按业务事件更新","普通变更历史","低/按记录继承","适合AI生成，必须保留模型/提示词/输入哈希/人工确认","类型校验 + 必填/唯一性按业务配置","对应领域实体的结构化字段","分析组/检索组","风险/过程性"
"中间过程表","风险专利/前案检索特征比对表","7","待检方案特征对照","待检方案特征对照","ClaimAnalysis / Evidence / TechnicalFeature","业务事实/描述","人工维护/系统派生","按业务事件更新","普通变更历史","低/按记录继承","可选AI辅助","类型校验 + 必填/唯一性按业务配置","对应领域实体的结构化字段","分析组/检索组","风险/过程性"
"中间过程表","风险专利/前案检索特征比对表","8","待检方案图","待检方案图","ClaimAnalysis / Evidence / TechnicalFeature","引用/附件","人工维护/系统派生","按业务事件更新","普通变更历史","低/按记录继承","可选AI辅助","类型校验 + 必填/唯一性按业务配置","Attachment/Artifact实体 + 关联表","分析组/检索组","风险/过程性"
"中间过程表","风险专利/前案检索特征比对表","9","对比文件专利号","对比文件专利关联","Relation / Link Entity","业务事实/描述","人工维护/系统派生","按业务事件更新","普通变更历史","低/按记录继承","可选AI辅助","类型校验 + 必填/唯一性按业务配置","关系表（多对多/带属性），禁止逗号拼接","分析组/检索组","风险/过程性"
"中间过程表","风险专利/前案检索特征比对表","10","对比文件专利权人","专利权人","PatentDocument / PatentFamily / Party","业务事实/描述","外部数据库自动采集 + 人工校验","低频变化/版本化","普通变更历史","低/按记录继承","可选AI辅助","类型校验 + 必填/唯一性按业务配置","对应领域实体的结构化字段","分析组/检索组","风险/过程性"
"中间过程表","风险专利/前案检索特征比对表","11","公开日","公开日","PatentDocument / PatentFamily / Party","外部/业务事实","外部数据库自动采集 + 人工校验","按业务事件更新","普通变更历史","低/按记录继承","可选AI辅助","类型校验 + 必填/唯一性按业务配置","对应领域实体的结构化字段","分析组/检索组","风险/过程性"
"中间过程表","风险专利/前案检索特征比对表","12","对比文件揭示特征对照","对比文件特征对照","ClaimAnalysis / Evidence / TechnicalFeature","业务事实/描述","人工维护/系统派生","按业务事件更新","普通变更历史","低/按记录继承","可选AI辅助","类型校验 + 必填/唯一性按业务配置","对应领域实体的结构化字段","分析组/检索组","风险/过程性"
"中间过程表","风险专利/前案检索特征比对表","13","对比文件专利附图","专利附图","PatentDocument / PatentFamily / Party","引用/附件","人工维护/系统派生","按业务事件更新","普通变更历史","低/按记录继承","可选AI辅助","类型校验 + 必填/唯一性按业务配置","Attachment/Artifact实体 + 关联表","分析组/检索组","风险/过程性"
"中间过程表","专利性文件清单","1","对比文件专利号","对比文件专利关联","Relation / Link Entity","业务事实/描述","人工维护/系统派生","按业务事件更新","普通变更历史","低/按记录继承","可选AI辅助","类型校验 + 必填/唯一性按业务配置","关系表（多对多/带属性），禁止逗号拼接","检索组/保护组","布局/过程性"
"中间过程表","专利性文件清单","2","申请地区","申请/布局国家","ProtectionCase / FilingCase","业务事实/描述","人工维护/系统派生","按业务事件更新","强审计：旧值/新值/人/时间/原因/审批","低/按记录继承","可选AI辅助","ISO国家/地区代码，多选用关联表","对应领域实体的结构化字段","检索组/保护组","布局/过程性"
"中间过程表","专利性文件清单","3","专利权人","专利权人","PatentDocument / PatentFamily / Party","业务事实/描述","外部数据库自动采集 + 人工校验","低频变化/版本化","普通变更历史","低/按记录继承","可选AI辅助","类型校验 + 必填/唯一性按业务配置","对应领域实体的结构化字段","检索组/保护组","布局/过程性"
"中间过程表","专利性文件清单","4","优先权时间","优先权日","PatentDocument / PatentFamily / Party","外部/业务事实","外部数据库自动采集 + 人工校验","基本稳定/确认后近似不可变","来源审计：数据源/抓取时间/原文证据","低/按记录继承","不宜AI生成；应结构化采集/规则计算","类型校验 + 必填/唯一性按业务配置","对应领域实体的结构化字段","检索组/保护组","布局/过程性"
"中间过程表","专利性文件清单","5","公开日","公开日","PatentDocument / PatentFamily / Party","外部/业务事实","外部数据库自动采集 + 人工校验","按业务事件更新","普通变更历史","低/按记录继承","可选AI辅助","类型校验 + 必填/唯一性按业务配置","对应领域实体的结构化字段","检索组/保护组","布局/过程性"
"中间过程表","专利性文件清单","6","揭示特征总结","揭示特征总结","ClaimAnalysis / Evidence / TechnicalFeature","业务事实/描述","人工维护/系统派生","按业务事件更新","普通变更历史","低/按记录继承","适合AI生成，必须保留模型/提示词/输入哈希/人工确认","类型校验 + 必填/唯一性按业务配置","对应领域实体的结构化字段","检索组/保护组","布局/过程性"
"中间过程表","专利性文件清单","7","揭示特征对应原文出处","证据原文出处","ClaimAnalysis / Evidence / TechnicalFeature","业务事实/描述","人工维护/系统派生","按业务事件更新","普通变更历史","低/按记录继承","可选AI辅助","类型校验 + 必填/唯一性按业务配置","对应领域实体的结构化字段","检索组/保护组","布局/过程性"
"中间过程表","专利性文件清单","8","揭示处对应专利附图","证据附图","ClaimAnalysis / Evidence / TechnicalFeature","引用/附件","人工维护/系统派生","按业务事件更新","普通变更历史","低/按记录继承","可选AI辅助","类型校验 + 必填/唯一性按业务配置","Attachment/Artifact实体 + 关联表","检索组/保护组","布局/过程性"
