"归一化字段","出现次数","原始别名","出现表数","典型来源表","建议归属实体","数据属性","主要生产方式","时间变化性","审计要求","敏感级","AI适用性","数据校验","建议存储方式","是否建议实体化","字段层级建议"
"专利权人","13","专利权人、对比文件专利权人、风险专利权人","12","IP事务管控表之风险管控表、专利性文件清单、产品线季度类项目风险分享、会议展示用精选管控表、平台性风险管理及跟踪总表、技术主题专利调查表、日常相关专利积累、月度竞对跟踪表","PatentDocument / PatentFamily / Party","业务事实/描述","外部数据库自动采集 + 人工校验","低频变化/版本化","普通变更历史","低/按记录继承","可选AI辅助","类型校验 + 必填/唯一性按业务配置","对应领域实体的结构化字段","是","核心实体字段"
"优先权日","10","优先权日、优先权时间","10","专利性文件清单、专利申请总表、产品品类数据总库、单一技术主题模块库、月度竞对跟踪表、特定主题专利分享-大主题、特定主题专利分享-小主题、特殊国家地区专利库","PatentDocument / PatentFamily / Party","外部/业务事实","外部数据库自动采集 + 人工校验","基本稳定/确认后近似不可变","来源审计：数据源/抓取时间/原文证据","低/按记录继承","不宜AI生成；应结构化采集/规则计算","类型校验 + 必填/唯一性按业务配置","对应领域实体的结构化字段","是","核心实体字段"
"产品品类","8","产品分类、产品品类、产品类型","8","IP事务管控表之风险管控表、专利申请总表、品类我司专利申请类、平台性风险管理及跟踪总表、日常相关专利积累、月度竞对跟踪表、检索沟通记录、项目进程表","Product / ProductCategory","业务事实/描述","人工维护/系统派生","按业务事件更新","普通变更历史","低/按记录继承","可选AI辅助","产品分类树引用","对应领域实体的结构化字段","是","核心实体字段"
"产品编号","8","产品号、本次复核的产品号","8","IP事务管控表之风险管控表、NEW项目挖掘情况、NEW项目风险会召开情况、产品线季度类项目风险分享、品类我司专利申请类、数据库专利相关性复核表、检索沟通记录、项目进程表","Product / ProductCategory","标识/主数据","人工维护/系统派生","基本稳定/确认后近似不可变","普通变更历史","中","可选AI辅助","类型校验 + 必填/唯一性按业务配置","对应领域实体的结构化字段","是","核心实体字段"
"公开号","8","公开号","8","专利申请总表、产品品类数据总库、单一技术主题模块库、技术主题专利调查表、日常相关专利积累、月度竞对跟踪表、检索结果表、特殊国家地区专利库","PatentDocument / PatentFamily / Party","标识/主数据","外部数据库自动采集 + 人工校验","基本稳定/确认后近似不可变","来源审计：数据源/抓取时间/原文证据","低/按记录继承","不宜AI生成；应结构化采集/规则计算","类型校验 + 必填/唯一性按业务配置","对应领域实体的结构化字段","是","核心实体字段"
"备注","8","其他备注、备注","8","IP事务管控表之风险管控表、个人事务管控表、产品品类数据总库、会议展示用精选管控表、单一技术主题模块库、日常相关专利积累、月度竞对跟踪表、特殊国家地区专利库","Generic / Context-specific","业务事实/描述","人工维护/系统派生","按业务事件更新","普通变更历史","低/按记录继承","可选AI辅助","类型校验 + 必填/唯一性按业务配置","视图本地字段或CustomField；达到高频阈值后实体化","是","长尾/视图字段"
"外部专利链接","8","专利详情链接（商业数据库源）、外部链接","8","产品品类数据总库、单一技术主题模块库、技术主题专利调查表、月度竞对跟踪表、特定主题专利分享-大主题、特定主题专利分享-小主题、特殊国家地区专利库、竞争对手技术路线表","PatentDocument / PatentFamily / Party","引用/附件","人工维护/系统派生","按业务事件更新","普通变更历史","低/按记录继承","可选AI辅助","类型校验 + 必填/唯一性按业务配置","Attachment/Artifact实体 + 关联表","是","核心实体字段"
"独立权利要求","8","独立权利要求、独立权利要求内容","8","产品品类数据总库、分析结论表、单一技术主题模块库、技术主题专利调查表、月度竞对跟踪表、特定主题专利分享-大主题、特定主题专利分享-小主题、特殊国家地区专利库","PatentDocument / PatentFamily / Party","业务事实/描述","外部数据库自动采集 + 人工校验","低频变化/版本化","来源审计：数据源/抓取时间/原文证据","低/按记录继承","可选AI辅助","类型校验 + 必填/唯一性按业务配置","对应领域实体的结构化字段","是","核心实体字段"
"项目编号","8","项目号","8","IP事务管控表之风险管控表、NEW项目挖掘情况、NEW项目风险会召开情况、专利申请总表、产品线季度类项目风险分享、品类我司专利申请类、检索沟通记录、项目进程表","Project / ProjectSolutionVersion","标识/主数据","项目/研发/产品团队反馈","基本稳定/确认后近似不可变","普通变更历史","中","可选AI辅助","类型校验 + 必填/唯一性按业务配置","对应领域实体的结构化字段","是","核心实体字段"
"技术模块","7","技术模块、技术模块分类、技术模块分类（可能多级）","7","产品品类数据总库、单一技术主题模块库、品类我司专利申请类、平台性风险管理及跟踪总表、技术主题专利调查表、日常相关专利积累、特殊国家地区专利库","TechnologyTaxonomy / TechnicalKnowledge","业务事实/描述","人工维护/系统派生","按业务事件更新","普通变更历史","低/按记录继承","可选AI辅助","技术分类树引用，可多选","对应领域实体的结构化字段","是","核心实体字段"
"法律状态","7","当前法律状态、法律状态","7","IP事务管控表之申请管控表、NEW项目挖掘情况、专利申请总表、品类我司专利申请类、检索结果表、特定主题专利分享-大主题、特定主题专利分享-小主题","PatentDocument / PatentFamily / Party","当前状态快照（应有事件历史）","外部数据库自动采集 + 人工校验","高变化/事件驱动","强审计：旧值/新值/人/时间/原因/审批","低/按记录继承","不宜AI生成；应结构化采集/规则计算","法域标准化状态映射 + 原始状态并存","当前快照字段 + 状态事件表（双层）","是","核心实体字段"
"申请日","7","申请日","7","专利申请总表、产品品类数据总库、单一技术主题模块库、月度竞对跟踪表、特定主题专利分享-大主题、特定主题专利分享-小主题、特殊国家地区专利库","PatentDocument / PatentFamily / Party","外部/业务事实","外部数据库自动采集 + 人工校验","基本稳定/确认后近似不可变","来源审计：数据源/抓取时间/原文证据","低/按记录继承","不宜AI生成；应结构化采集/规则计算","类型校验 + 必填/唯一性按业务配置","对应领域实体的结构化字段","是","核心实体字段"
"风险专利关联","7","风险专利号、风险专利号（含同族）","7","IP事务管控表之风险管控表、产品线季度类项目风险分享、会议展示用精选管控表、平台性风险管理及跟踪总表、项目风险情况、风险专利/前案检索特征比对表、风险会风险统计表","Relation / Link Entity","业务事实/描述","人工维护/系统派生","按业务事件更新","普通变更历史","低/按记录继承","可选AI辅助","类型校验 + 必填/唯一性按业务配置","关系表（多对多/带属性），禁止逗号拼接","是","核心实体字段"
"专利族关联","6","专利族专利号、同族专利号、同族公开号","6","产品品类数据总库、分析结论表、单一技术主题模块库、月度竞对跟踪表、检索结果表、特殊国家地区专利库","Relation / Link Entity","业务事实/描述","人工维护/系统派生","按业务事件更新","普通变更历史","低/按记录继承","可选AI辅助","类型校验 + 必填/唯一性按业务配置","关系表（多对多/带属性），禁止逗号拼接","是","核心实体字段"
"产品名称","6","产品名称","6","IP事务管控表之风险管控表、NEW项目风险会召开情况、产品线季度类项目风险分享、品类我司专利申请类、检索沟通记录、项目进程表","Product / ProductCategory","业务事实/描述","人工维护/系统派生","按业务事件更新","普通变更历史","低/按记录继承","可选AI辅助","类型校验 + 必填/唯一性按业务配置","对应领域实体的结构化字段","是","核心实体字段"
"保护点概要","6","保护主题概要、保护点概要","6","技术主题专利调查表、日常相关专利积累、月度竞对跟踪表、特定主题专利分享-大主题、特定主题专利分享-小主题、竞争对手技术路线表","TechnologyTaxonomy / TechnicalKnowledge","专业判断/分析结论","AI初加工 + 人工复核","按业务事件更新","普通变更历史","低/按记录继承","适合AI生成，必须保留模型/提示词/输入哈希/人工确认","类型校验 + 必填/唯一性按业务配置","对应领域实体的结构化字段","是","核心实体字段"
"公开日","6","公开日、首次公开日","6","专利性文件清单、产品品类数据总库、单一技术主题模块库、月度竞对跟踪表、特殊国家地区专利库、风险专利/前案检索特征比对表","PatentDocument / PatentFamily / Party","外部/业务事实","外部数据库自动采集 + 人工校验","按业务事件更新","普通变更历史","低/按记录继承","可选AI辅助","类型校验 + 必填/唯一性按业务配置","对应领域实体的结构化字段","是","核心实体字段"
"标准申请人","6","标准申请人、申请人（标准化）","6","产品品类数据总库、单一技术主题模块库、月度竞对跟踪表、特定主题专利分享-大主题、特定主题专利分享-小主题、特殊国家地区专利库","PatentDocument / PatentFamily / Party","业务事实/描述","外部数据库自动采集 + 人工校验","按业务事件更新","普通变更历史","低/按记录继承","可选AI辅助","类型校验 + 必填/唯一性按业务配置","对应领域实体的结构化字段","是","核心实体字段"
"风险主题","6","所涉风险主题、风险主题","6","IP事务管控表之风险管控表、产品线季度类项目风险分享、会议展示用精选管控表、平台性风险管理及跟踪总表、项目风险情况、风险会风险统计表","RiskCase / RiskAssessment / Mitigation","业务事实/描述","人工维护/系统派生","按业务事件更新","普通变更历史","中","可选AI辅助","类型校验 + 必填/唯一性按业务配置","对应领域实体的结构化字段","是","核心实体字段"
"出货地区","5","出货地、出货地区","5","IP事务管控表之风险管控表、分析结论表、数据库专利相关性复核表、检索沟通记录、项目进程表","Generic / Context-specific","业务事实/描述","人工维护/系统派生","按业务事件更新","普通变更历史","低/按记录继承","可选AI辅助","类型校验 + 必填/唯一性按业务配置","视图本地字段或CustomField；达到高频阈值后实体化","是","长尾/视图字段"
"技术效果摘要","5","一句话技术效果、技术效果","5","产品品类数据总库、单一技术主题模块库、特定主题专利分享-大主题、特定主题专利分享-小主题、特殊国家地区专利库","TechnologyTaxonomy / TechnicalKnowledge","专业判断/分析结论","AI初加工 + 人工复核","按业务事件更新","普通变更历史","低/按记录继承","适合AI生成，必须保留模型/提示词/输入哈希/人工确认","类型校验 + 必填/唯一性按业务配置","对应领域实体的结构化字段","是","核心实体字段"
"技术方案摘要","5","一句话技术方案、技术手段","5","产品品类数据总库、单一技术主题模块库、特定主题专利分享-大主题、特定主题专利分享-小主题、特殊国家地区专利库","TechnologyTaxonomy / TechnicalKnowledge","专业判断/分析结论","AI初加工 + 人工复核","按业务事件更新","普通变更历史","低/按记录继承","适合AI生成，必须保留模型/提示词/输入哈希/人工确认","类型校验 + 必填/唯一性按业务配置","对应领域实体的结构化字段","是","核心实体字段"
"技术问题摘要","5","AI技术问题、一句话技术问题","5","产品品类数据总库、单一技术主题模块库、特定主题专利分享-大主题、特定主题专利分享-小主题、特殊国家地区专利库","TechnologyTaxonomy / TechnicalKnowledge","专业判断/分析结论","AI初加工 + 人工复核","按业务事件更新","普通变更历史","低/按记录继承","适合AI生成，必须保留模型/提示词/输入哈希/人工确认","类型校验 + 必填/唯一性按业务配置","对应领域实体的结构化字段","是","核心实体字段"
"申请/布局国家","5","布局国家、申请国家、申请地区","5","IP事务管控表之申请管控表、NEW项目挖掘情况、专利性文件清单、专利申请总表、品类我司专利申请类","ProtectionCase / FilingCase","业务事实/描述","人工维护/系统派生","按业务事件更新","强审计：旧值/新值/人/时间/原因/审批","低/按记录继承","可选AI辅助","ISO国家/地区代码，多选用关联表","对应领域实体的结构化字段","是","核心实体字段"
"相关性","5","相关度、相关性标签","5","产品品类数据总库、单一技术主题模块库、技术主题专利调查表、数据库专利相关性复核表、特殊国家地区专利库","RelevanceReview","专业判断/分析结论","专业人员人工判断（AI仅辅助）","按业务事件更新","普通变更历史","低/按记录继承","AI可辅助，不得作为最终责任结论","枚举/评分：无关/低/中/高 或 0-100","对应领域实体的结构化字段","是","核心实体字段"
"专利附图","4","专利附图、对比文件专利附图、附图","3","特定主题专利分享-大主题、特定主题专利分享-小主题、风险专利/前案检索特征比对表","PatentDocument / PatentFamily / Party","引用/附件","人工维护/系统派生","按业务事件更新","普通变更历史","低/按记录继承","可选AI辅助","类型校验 + 必填/唯一性按业务配置","Attachment/Artifact实体 + 关联表","是","核心实体字段"
"摘要翻译","4","摘要翻译","4","产品品类数据总库、单一技术主题模块库、月度竞对跟踪表、特殊国家地区专利库","PatentDocument / PatentFamily / Party","业务事实/描述","AI初加工 + 人工复核","按业务事件更新","普通变更历史","低/按记录继承","适合AI生成，必须保留模型/提示词/输入哈希/人工确认","类型校验 + 必填/唯一性按业务配置","对应领域实体的结构化字段","是","核心实体字段"
"权利要求翻译","4","权利要求翻译","4","产品品类数据总库、单一技术主题模块库、月度竞对跟踪表、特殊国家地区专利库","PatentDocument / PatentFamily / Party","业务事实/描述","AI初加工 + 人工复核","按业务事件更新","普通变更历史","低/按记录继承","适合AI生成，必须保留模型/提示词/输入哈希/人工确认","类型校验 + 必填/唯一性按业务配置","对应领域实体的结构化字段","是","核心实体字段"
"申请号","4","挖掘申请专利号、申请专利号、申请号","4","IP事务管控表之申请管控表、NEW项目挖掘情况、专利申请总表、品类我司专利申请类","PatentDocument / PatentFamily / Party","标识/主数据","外部数据库自动采集 + 人工校验","基本稳定/确认后近似不可变","来源审计：数据源/抓取时间/原文证据","低/按记录继承","不宜AI生成；应结构化采集/规则计算","类型校验 + 必填/唯一性按业务配置","对应领域实体的结构化字段","是","核心实体字段"
"预计失效日","4","预计失效日","4","产品品类数据总库、单一技术主题模块库、月度竞对跟踪表、特殊国家地区专利库","PatentDocument / PatentFamily / Party","外部/业务事实","外部数据库自动采集 + 人工校验","高变化/事件驱动","普通变更历史","低/按记录继承","可选AI辅助","类型校验 + 必填/唯一性按业务配置","对应领域实体的结构化字段","是","核心实体字段"
"风险等级","4","关注等级、风险等级","4","IP事务管控表之风险管控表、会议展示用精选管控表、平台性风险管理及跟踪总表、风险会风险统计表","RiskCase / RiskAssessment / Mitigation","专业判断/分析结论","专业人员人工判断（AI仅辅助）","高变化/事件驱动","强审计：旧值/新值/人/时间/原因/审批","中","AI可辅助，不得作为最终责任结论","枚举：无/低/中/高/关键（建议可配置）","对应领域实体的结构化字段","是","核心实体字段"
"事务发起人","3","事务申请人、发起人","3","个人事务管控表、待完成的任务、月度个人事务管理","WorkItem / Worklog","业务事实/描述","个人录入 + 系统时间戳","按业务事件更新","普通变更历史","低/按记录继承","可选AI辅助","类型校验 + 必填/唯一性按业务配置","对应领域实体的结构化字段","建议","长尾/视图字段"
"事务描述","3","事务描述","3","个人事务管控表、待完成的任务、月度个人事务管理","WorkItem / Worklog","业务事实/描述","个人录入 + 系统时间戳","按业务事件更新","普通变更历史","低/按记录继承","可选AI辅助","类型校验 + 必填/唯一性按业务配置","对应领域实体的结构化字段","建议","长尾/视图字段"
"事务类型","3","事务类型","3","个人事务管控表、待完成的任务、月度个人事务管理","WorkItem / Worklog","业务事实/描述","个人录入 + 系统时间戳","按业务事件更新","普通变更历史","低/按记录继承","可选AI辅助","可配置枚举","对应领域实体的结构化字段","建议","长尾/视图字段"
"产品图示","3","产品图示","3","产品线季度类项目风险分享、检索沟通记录、项目进程表","Product / ProductCategory","引用/附件","人工维护/系统派生","按业务事件更新","普通变更历史","低/按记录继承","可选AI辅助","类型校验 + 必填/唯一性按业务配置","Attachment/Artifact实体 + 关联表","建议","长尾/视图字段"
"保护主题","3","挖掘主题、申请保护主题","3","IP事务管控表之申请管控表、NEW项目挖掘情况、品类我司专利申请类","ProtectionCase / FilingCase","业务事实/描述","人工维护/系统派生","按业务事件更新","强审计：旧值/新值/人/时间/原因/审批","高","可选AI辅助","类型校验 + 必填/唯一性按业务配置","对应领域实体的结构化字段","建议","长尾/视图字段"
"关联项目","3","哪些项目相关、所涉项目、相关项目","3","平台性风险管理及跟踪总表、项目风险情况、风险会风险统计表","Relation / Link Entity","业务事实/描述","人工维护/系统派生","按业务事件更新","普通变更历史","中","可选AI辅助","类型校验 + 必填/唯一性按业务配置","关系表（多对多/带属性），禁止逗号拼接","建议","关系/事件字段"
"历史分析报告","3","历史分析报告号/链接","3","产品品类数据总库、单一技术主题模块库、特殊国家地区专利库","Artifact / Attachment / Report","引用/附件","人工维护/系统派生","按业务事件更新","普通变更历史","低/按记录继承","可选AI辅助","类型校验 + 必填/唯一性按业务配置","Attachment/Artifact实体 + 关联表","建议","长尾/视图字段"
"历史分析结论","3","历史分析结论","3","产品品类数据总库、单一技术主题模块库、特殊国家地区专利库","Generic / Context-specific","业务事实/描述","人工维护/系统派生","按业务事件更新","普通变更历史","低/按记录继承","可选AI辅助","类型校验 + 必填/唯一性按业务配置","视图本地字段或CustomField；达到高频阈值后实体化","建议","长尾/视图字段"
"发现原因","3","发现原因","3","平台性风险管理及跟踪总表、项目风险情况、风险会风险统计表","RiskCase / RiskAssessment / Mitigation","业务事实/描述","人工维护/系统派生","按业务事件更新","普通变更历史","低/按记录继承","可选AI辅助","类型校验 + 必填/唯一性按业务配置","对应领域实体的结构化字段","建议","长尾/视图字段"
"处理方式","3","处理方式","3","产品线季度类项目风险分享、平台性风险管理及跟踪总表、风险会风险统计表","RiskCase / RiskAssessment / Mitigation","业务事实/描述","专业人员人工判断（AI仅辅助）","按业务事件更新","强审计：旧值/新值/人/时间/原因/审批","低/按记录继承","AI可辅助，不得作为最终责任结论","类型校验 + 必填/唯一性按业务配置","对应领域实体的结构化字段","建议","长尾/视图字段"
"实施例总结","3","实施例总结","3","特定主题专利分享-大主题、特定主题专利分享-小主题、竞争对手技术路线表","TechnologyTaxonomy / TechnicalKnowledge","专业判断/分析结论","AI初加工 + 人工复核","按业务事件更新","普通变更历史","低/按记录继承","适合AI生成，必须保留模型/提示词/输入哈希/人工确认","类型校验 + 必填/唯一性按业务配置","对应领域实体的结构化字段","建议","长尾/视图字段"
"待检方案特征","3","与该专利相关的待检方案、本次待检方案特征","3","分析结论表、数据库专利相关性复核表、检索结果表","ClaimAnalysis / Evidence / TechnicalFeature","业务事实/描述","人工维护/系统派生","按业务事件更新","普通变更历史","高","可选AI辅助","类型校验 + 必填/唯一性按业务配置","对应领域实体的结构化字段","建议","长尾/视图字段"
"部门","3","所涉部门、部门","3","个人事务管控表、待完成的任务、月度个人事务管理","Department","业务事实/描述","人工维护/系统派生","按业务事件更新","普通变更历史","低/按记录继承","可选AI辅助","类型校验 + 必填/唯一性按业务配置","对应领域实体的结构化字段","建议","长尾/视图字段"
"项目负责人","3","项目负责人","3","IP事务管控表之风险管控表、检索沟通记录、项目进程表","Project / ProjectSolutionVersion","业务事实/描述","项目/研发/产品团队反馈","按业务事件更新","普通变更历史","低/按记录继承","可选AI辅助","类型校验 + 必填/唯一性按业务配置","对应领域实体的结构化字段","建议","长尾/视图字段"
"项目阶段","3","项目当前阶段","3","IP事务管控表之风险管控表、检索沟通记录、项目进程表","Project / ProjectSolutionVersion","当前状态快照（应有事件历史）","项目/研发/产品团队反馈","高变化/事件驱动","普通变更历史","中","可选AI辅助","项目阶段状态机","当前快照字段 + 状态事件表（双层）","建议","关系/事件字段"
"风险结论","3","风险结论、风险结论详情","3","IP事务管控表之风险管控表、会议展示用精选管控表、分析结论表","RiskCase / RiskAssessment / Mitigation","专业判断/分析结论","专业人员人工判断（AI仅辅助）","高变化/事件驱动","强审计：旧值/新值/人/时间/原因/审批","高","AI可辅助，不得作为最终责任结论","类型校验 + 必填/唯一性按业务配置","对应领域实体的结构化字段","建议","长尾/视图字段"
"IPC","2","IPC分类号","2","特定主题专利分享-大主题、特定主题专利分享-小主题","PatentDocument / PatentFamily / Party","业务事实/描述","外部数据库自动采集 + 人工校验","按业务事件更新","普通变更历史","低/按记录继承","可选AI辅助","类型校验 + 必填/唯一性按业务配置","对应领域实体的结构化字段","建议","长尾/视图字段"
"专利号（同族靠近分组呈现）","2","专利号（同族靠近分组呈现）","2","特定主题专利分享-大主题、特定主题专利分享-小主题","Generic / Context-specific","业务事实/描述","人工维护/系统派生","按业务事件更新","普通变更历史","低/按记录继承","可选AI辅助","类型校验 + 必填/唯一性按业务配置","视图本地字段或CustomField；达到高频阈值后实体化","建议","长尾/视图字段"
"专利标题","2","专利名称、专利标题","2","IP事务管控表之申请管控表、专利申请总表","PatentDocument / PatentFamily / Party","业务事实/描述","人工维护/系统派生","基本稳定/确认后近似不可变","普通变更历史","低/按记录继承","可选AI辅助","类型校验 + 必填/唯一性按业务配置","对应领域实体的结构化字段","建议","长尾/视图字段"
"专利跟踪负责人","2","专利跟踪负责人","2","平台性风险管理及跟踪总表、风险会风险统计表","Generic / Context-specific","业务事实/描述","人工维护/系统派生","按业务事件更新","普通变更历史","低/按记录继承","可选AI辅助","类型校验 + 必填/唯一性按业务配置","视图本地字段或CustomField；达到高频阈值后实体化","建议","长尾/视图字段"
"产品经理","2","产品经理","2","IP事务管控表之风险管控表、项目进程表","Project / ProjectSolutionVersion","业务事实/描述","项目/研发/产品团队反馈","按业务事件更新","普通变更历史","低/按记录继承","可选AI辅助","类型校验 + 必填/唯一性按业务配置","对应领域实体的结构化字段","建议","长尾/视图字段"
"原始申请人","2","申请人（原始）","2","特定主题专利分享-大主题、特定主题专利分享-小主题","PatentDocument / PatentFamily / Party","业务事实/描述","外部数据库自动采集 + 人工校验","低频变化/版本化","普通变更历史","低/按记录继承","可选AI辅助","类型校验 + 必填/唯一性按业务配置","对应领域实体的结构化字段","建议","长尾/视图字段"
"及时与否","2","及时与否","2","待完成的任务、月度个人事务管理","WorkItem / Worklog","业务事实/描述","个人录入 + 系统时间戳","按业务事件更新","普通变更历史","低/按记录继承","可选AI辅助","类型校验 + 必填/唯一性按业务配置","对应领域实体的结构化字段","建议","长尾/视图字段"
"发明人","2","发明人","2","特定主题专利分享-大主题、特定主题专利分享-小主题","PatentDocument / PatentFamily / Party","业务事实/描述","外部数据库自动采集 + 人工校验","按业务事件更新","普通变更历史","低/按记录继承","可选AI辅助","类型校验 + 必填/唯一性按业务配置","对应领域实体的结构化字段","建议","长尾/视图字段"
"同族信息","2","同族信息","2","特定主题专利分享-大主题、特定主题专利分享-小主题","PatentDocument / PatentFamily / Party","业务事实/描述","外部数据库自动采集 + 人工校验","按业务事件更新","普通变更历史","低/按记录继承","可选AI辅助","类型校验 + 必填/唯一性按业务配置","对应领域实体的结构化字段","建议","长尾/视图字段"
"对比文件专利关联","2","对比文件专利号","2","专利性文件清单、风险专利/前案检索特征比对表","Relation / Link Entity","业务事实/描述","人工维护/系统派生","按业务事件更新","普通变更历史","低/按记录继承","可选AI辅助","类型校验 + 必填/唯一性按业务配置","关系表（多对多/带属性），禁止逗号拼接","建议","关系/事件字段"
"应对措施","2","应对措施","2","IP事务管控表之风险管控表、会议展示用精选管控表","RiskCase / RiskAssessment / Mitigation","业务事实/描述","专业人员人工判断（AI仅辅助）","按业务事件更新","强审计：旧值/新值/人/时间/原因/审批","高","AI可辅助，不得作为最终责任结论","类型校验 + 必填/唯一性按业务配置","对应领域实体的结构化字段","建议","长尾/视图字段"
"是否冲突","2","是否冲突","2","IP事务管控表之风险管控表、会议展示用精选管控表","RiskCase / RiskAssessment / Mitigation","专业判断/分析结论","专业人员人工判断（AI仅辅助）","按业务事件更新","强审计：旧值/新值/人/时间/原因/审批","高","AI可辅助，不得作为最终责任结论","三值：是/否/待定","对应领域实体的结构化字段","建议","长尾/视图字段"
"研发专业/项目等级","2","结构电子项目等級类型、结构电子项目类型","2","IP事务管控表之风险管控表、项目进程表","Project / ProjectSolutionVersion","业务事实/描述","项目/研发/产品团队反馈","按业务事件更新","普通变更历史","低/按记录继承","可选AI辅助","类型校验 + 必填/唯一性按业务配置","对应领域实体的结构化字段","建议","长尾/视图字段"
"继承产品型号","2","继承产品型号、继承历史产品型号","2","IP事务管控表之风险管控表、项目进程表","Project / ProjectSolutionVersion","业务事实/描述","项目/研发/产品团队反馈","按业务事件更新","普通变更历史","低/按记录继承","可选AI辅助","类型校验 + 必填/唯一性按业务配置","对应领域实体的结构化字段","建议","长尾/视图字段"
"跟踪状态","2","跟踪状态","2","平台性风险管理及跟踪总表、风险会风险统计表","RiskCase / RiskAssessment / Mitigation","当前状态快照（应有事件历史）","人工维护/系统派生","高变化/事件驱动","普通变更历史","低/按记录继承","可选AI辅助","状态机","当前快照字段 + 状态事件表（双层）","建议","关系/事件字段"
"采用状态","2","采用状态","2","IP事务管控表之风险管控表、会议展示用精选管控表","RiskCase / RiskAssessment / Mitigation","当前状态快照（应有事件历史）","人工维护/系统派生","高变化/事件驱动","强审计：旧值/新值/人/时间/原因/审批","低/按记录继承","可选AI辅助","枚举：未采用/拟采用/已采用/已规避/已取消","当前快照字段 + 状态事件表（双层）","建议","关系/事件字段"
"项目管理","2","项目管理","2","IP事务管控表之风险管控表、项目进程表","Project / ProjectSolutionVersion","业务事实/描述","项目/研发/产品团队反馈","按业务事件更新","普通变更历史","低/按记录继承","可选AI辅助","类型校验 + 必填/唯一性按业务配置","对应领域实体的结构化字段","建议","长尾/视图字段"
"风险分析报告","2","分析报告","2","平台性风险管理及跟踪总表、风险会风险统计表","Artifact / Attachment / Report","引用/附件","人工维护/系统派生","按业务事件更新","普通变更历史","低/按记录继承","可选AI辅助","类型校验 + 必填/唯一性按业务配置","Attachment/Artifact实体 + 关联表","建议","长尾/视图字段"
"风险国家","2","风险国家","2","产品线季度类项目风险分享、平台性风险管理及跟踪总表","Generic / Context-specific","业务事实/描述","人工维护/系统派生","按业务事件更新","普通变更历史","低/按记录继承","可选AI辅助","类型校验 + 必填/唯一性按业务配置","视图本地字段或CustomField；达到高频阈值后实体化","建议","长尾/视图字段"
"专利之星表格","1","专利之星表格","1","专利申请总表","Generic / Context-specific","业务事实/描述","人工维护/系统派生","按业务事件更新","普通变更历史","低/按记录继承","可选AI辅助","类型校验 + 必填/唯一性按业务配置","视图本地字段或CustomField；达到高频阈值后实体化","否","长尾/视图字段"
"专利卷号","1","专利卷号","1","专利申请总表","ProtectionCase / FilingCase","标识/主数据","人工维护/系统派生","按业务事件更新","普通变更历史","低/按记录继承","可选AI辅助","类型校验 + 必填/唯一性按业务配置","对应领域实体的结构化字段","否","长尾/视图字段"
"专利号（同族选代表）","1","专利号（同族选代表）","1","竞争对手技术路线表","Generic / Context-specific","业务事实/描述","人工维护/系统派生","按业务事件更新","普通变更历史","低/按记录继承","可选AI辅助","类型校验 + 必填/唯一性按业务配置","视图本地字段或CustomField；达到高频阈值后实体化","否","长尾/视图字段"
"专利类型","1","专利类型","1","专利申请总表","PatentDocument / PatentFamily / Party","业务事实/描述","人工维护/系统派生","按业务事件更新","普通变更历史","低/按记录继承","可选AI辅助","类型校验 + 必填/唯一性按业务配置","对应领域实体的结构化字段","否","长尾/视图字段"
"事务起始时间","1","事务起始时间","1","个人事务管控表","WorkItem / Worklog","业务事实/描述","个人录入 + 系统时间戳","按业务事件更新","普通变更历史","低/按记录继承","可选AI辅助","类型校验 + 必填/唯一性按业务配置","对应领域实体的结构化字段","否","长尾/视图字段"
"产品定义背景","1","产品定义背景","1","IP事务管控表之风险管控表","Project / ProjectSolutionVersion","业务事实/描述","项目/研发/产品团队反馈","按业务事件更新","普通变更历史","高","可选AI辅助","类型校验 + 必填/唯一性按业务配置","对应领域实体的结构化字段","否","长尾/视图字段"
"从属权利要求","1","从属权利要求内容","1","分析结论表","ClaimAnalysis / Evidence / TechnicalFeature","业务事实/描述","人工维护/系统派生","按业务事件更新","普通变更历史","低/按记录继承","可选AI辅助","类型校验 + 必填/唯一性按业务配置","对应领域实体的结构化字段","否","长尾/视图字段"
"代理机构","1","代理机构名称","1","专利申请总表","ProtectionCase / FilingCase","业务事实/描述","人工维护/系统派生","按业务事件更新","普通变更历史","低/按记录继承","可选AI辅助","类型校验 + 必填/唯一性按业务配置","对应领域实体的结构化字段","否","长尾/视图字段"
"优先权号","1","优先权号","1","专利申请总表","PatentDocument / PatentFamily / Party","标识/主数据","外部数据库自动采集 + 人工校验","基本稳定/确认后近似不可变","普通变更历史","低/按记录继承","可选AI辅助","类型校验 + 必填/唯一性按业务配置","对应领域实体的结构化字段","否","长尾/视图字段"
"会议/排查结论","1","风险评估会排查结果","1","NEW项目风险会召开情况","Meeting / Decision / Communication","正式决策事实","人工维护/系统派生","按业务事件更新","普通变更历史","低/按记录继承","可选AI辅助","类型校验 + 必填/唯一性按业务配置","不可变Decision事件/版本记录","否","长尾/视图字段"
"会议决策人","1","会议决策人","1","风险会风险统计表","Meeting / Decision / Communication","业务事实/描述","会议/领导正式确认","按业务事件更新","普通变更历史","低/按记录继承","可选AI辅助","类型校验 + 必填/唯一性按业务配置","对应领域实体的结构化字段","否","长尾/视图字段"
"会议决策结论","1","会议结论","1","风险会风险统计表","Meeting / Decision / Communication","正式决策事实","会议/领导正式确认","按业务事件更新","强审计：旧值/新值/人/时间/原因/审批","高","可选AI辅助","类型校验 + 必填/唯一性按业务配置","不可变Decision事件/版本记录","否","长尾/视图字段"
"会议时间","1","会议时间","1","风险会风险统计表","Meeting / Decision / Communication","业务事实/描述","人工维护/系统派生","按业务事件更新","普通变更历史","低/按记录继承","可选AI辅助","类型校验 + 必填/唯一性按业务配置","对应领域实体的结构化字段","否","长尾/视图字段"
"保护/揭示主题","1","保护/揭示主题","1","检索结果表","TechnologyTaxonomy / TechnicalKnowledge","业务事实/描述","人工维护/系统派生","按业务事件更新","普通变更历史","低/按记录继承","可选AI辅助","类型校验 + 必填/唯一性按业务配置","对应领域实体的结构化字段","否","长尾/视图字段"
"其他筛选策略","1","其他筛选策略","1","检索策略记录","SearchCase / SearchStrategy / SearchRun","业务事实/描述","检索师 + 检索平台","按业务事件更新","普通变更历史","低/按记录继承","可选AI辅助","类型校验 + 必填/唯一性按业务配置","对应领域实体的结构化字段","否","长尾/视图字段"
"内部名称","1","内部名称","1","专利申请总表","ProtectionCase / FilingCase","业务事实/描述","人工维护/系统派生","按业务事件更新","普通变更历史","低/按记录继承","可选AI辅助","类型校验 + 必填/唯一性按业务配置","对应领域实体的结构化字段","否","长尾/视图字段"
"内部承办人","1","内部承办人","1","专利申请总表","ProtectionCase / FilingCase","业务事实/描述","人工维护/系统派生","按业务事件更新","普通变更历史","低/按记录继承","可选AI辅助","类型校验 + 必填/唯一性按业务配置","对应领域实体的结构化字段","否","长尾/视图字段"
"分案续案风险","1","该专利的分案续案风险","1","检索结果表","RiskCase / RiskAssessment / Mitigation","专业判断/分析结论","专业人员人工判断（AI仅辅助）","高变化/事件驱动","普通变更历史","低/按记录继承","AI可辅助，不得作为最终责任结论","类型校验 + 必填/唯一性按业务配置","对应领域实体的结构化字段","否","长尾/视图字段"
"单式检索思路","1","单一检索式思路","1","检索策略记录","SearchCase / SearchStrategy / SearchRun","业务事实/描述","检索师 + 检索平台","按业务事件更新","普通变更历史","低/按记录继承","可选AI辅助","类型校验 + 必填/唯一性按业务配置","对应领域实体的结构化字段","否","长尾/视图字段"
"历史风险标志","1","是否有历史风险","1","检索结果表","RiskCase / RiskAssessment / Mitigation","业务事实/描述","人工维护/系统派生","按业务事件更新","普通变更历史","低/按记录继承","可选AI辅助","类型校验 + 必填/唯一性按业务配置","对应领域实体的结构化字段","否","长尾/视图字段"
"发现时间","1","发现时间","1","项目风险情况","RiskCase / RiskAssessment / Mitigation","业务事实/描述","人工维护/系统派生","按业务事件更新","普通变更历史","低/按记录继承","可选AI辅助","类型校验 + 必填/唯一性按业务配置","对应领域实体的结构化字段","否","长尾/视图字段"
"基础数据库记录","1","基础数据库记录","1","数据库专利相关性复核表","RelevanceReview","业务事实/描述","人工维护/系统派生","按业务事件更新","普通变更历史","低/按记录继承","可选AI辅助","类型校验 + 必填/唯一性按业务配置","对应领域实体的结构化字段","否","长尾/视图字段"
"处置受阻原因","1","处置受阻原因","1","风险会风险统计表","RiskCase / RiskAssessment / Mitigation","业务事实/描述","人工维护/系统派生","按业务事件更新","普通变更历史","低/按记录继承","可选AI辅助","类型校验 + 必填/唯一性按业务配置","对应领域实体的结构化字段","否","长尾/视图字段"
"复核备注","1","复核备注","1","数据库专利相关性复核表","RelevanceReview","业务事实/描述","人工维护/系统派生","按业务事件更新","普通变更历史","低/按记录继承","可选AI辅助","类型校验 + 必填/唯一性按业务配置","对应领域实体的结构化字段","否","长尾/视图字段"
"大主题","1","大主题","1","特定主题专利分享-大主题","Generic / Context-specific","业务事实/描述","人工维护/系统派生","按业务事件更新","普通变更历史","低/按记录继承","可选AI辅助","类型校验 + 必填/唯一性按业务配置","视图本地字段或CustomField；达到高频阈值后实体化","否","长尾/视图字段"
"大主题细分支","1","大主题细分支","1","特定主题专利分享-大主题","Generic / Context-specific","业务事实/描述","人工维护/系统派生","按业务事件更新","普通变更历史","低/按记录继承","可选AI辅助","类型校验 + 必填/唯一性按业务配置","视图本地字段或CustomField；达到高频阈值后实体化","否","长尾/视图字段"
"完成时间","1","完成时间","1","月度个人事务管理","WorkItem / Worklog","业务事实/描述","个人录入 + 系统时间戳","按业务事件更新","普通变更历史","低/按记录继承","可选AI辅助","类型校验 + 必填/唯一性按业务配置","对应领域实体的结构化字段","否","长尾/视图字段"
"完整检索策略","1","完整检索策略思路","1","检索策略记录","SearchCase / SearchStrategy / SearchRun","业务事实/描述","检索师 + 检索平台","按业务事件更新","普通变更历史","低/按记录继承","可选AI辅助","类型校验 + 必填/唯一性按业务配置","对应领域实体的结构化字段","否","长尾/视图字段"
"实际耗时","1","耗时","1","个人事务管控表","WorkItem / Worklog","度量","个人录入 + 系统时间戳","按业务事件更新","普通变更历史","低/按记录继承","可选AI辅助","类型校验 + 必填/唯一性按业务配置","对应领域实体的结构化字段","否","长尾/视图字段"
"对比文件特征对照","1","对比文件揭示特征对照","1","风险专利/前案检索特征比对表","ClaimAnalysis / Evidence / TechnicalFeature","业务事实/描述","人工维护/系统派生","按业务事件更新","普通变更历史","低/按记录继承","可选AI辅助","类型校验 + 必填/唯一性按业务配置","对应领域实体的结构化字段","否","长尾/视图字段"
"工时计划与登记","1","工时计划与登记","1","个人事务管控表","WorkItem / Worklog","业务事实/描述","个人录入 + 系统时间戳","按业务事件更新","普通变更历史","低/按记录继承","可选AI辅助","类型校验 + 必填/唯一性按业务配置","对应领域实体的结构化字段","否","长尾/视图字段"
"待检方案图","1","待检方案图","1","风险专利/前案检索特征比对表","ClaimAnalysis / Evidence / TechnicalFeature","引用/附件","人工维护/系统派生","按业务事件更新","普通变更历史","低/按记录继承","可选AI辅助","类型校验 + 必填/唯一性按业务配置","Attachment/Artifact实体 + 关联表","否","长尾/视图字段"
"待检方案特征对照","1","待检方案特征对照","1","风险专利/前案检索特征比对表","ClaimAnalysis / Evidence / TechnicalFeature","业务事实/描述","人工维护/系统派生","按业务事件更新","普通变更历史","低/按记录继承","可选AI辅助","类型校验 + 必填/唯一性按业务配置","对应领域实体的结构化字段","否","长尾/视图字段"
"所涉及的方案","1","所涉及的方案","1","检索沟通记录","TechnologyTaxonomy / TechnicalKnowledge","业务事实/描述","人工维护/系统派生","按业务事件更新","普通变更历史","低/按记录继承","可选AI辅助","类型校验 + 必填/唯一性按业务配置","对应领域实体的结构化字段","否","长尾/视图字段"
"技术细分支","1","技术细分支","1","技术主题专利调查表","TechnologyTaxonomy / TechnicalKnowledge","业务事实/描述","人工维护/系统派生","按业务事件更新","普通变更历史","低/按记录继承","可选AI辅助","类型校验 + 必填/唯一性按业务配置","对应领域实体的结构化字段","否","长尾/视图字段"
"排查思路","1","排查思路","1","检索沟通记录","TechnologyTaxonomy / TechnicalKnowledge","业务事实/描述","人工维护/系统派生","按业务事件更新","普通变更历史","低/按记录继承","可选AI辅助","类型校验 + 必填/唯一性按业务配置","对应领域实体的结构化字段","否","长尾/视图字段"
"接收时间","1","接收时间","1","月度个人事务管理","WorkItem / Worklog","业务事实/描述","个人录入 + 系统时间戳","按业务事件更新","普通变更历史","低/按记录继承","可选AI辅助","类型校验 + 必填/唯一性按业务配置","对应领域实体的结构化字段","否","长尾/视图字段"
"揭示特征总结","1","揭示特征总结","1","专利性文件清单","ClaimAnalysis / Evidence / TechnicalFeature","业务事实/描述","人工维护/系统派生","按业务事件更新","普通变更历史","低/按记录继承","适合AI生成，必须保留模型/提示词/输入哈希/人工确认","类型校验 + 必填/唯一性按业务配置","对应领域实体的结构化字段","否","长尾/视图字段"
"方案相关的背景","1","方案相关的背景","1","检索沟通记录","TechnologyTaxonomy / TechnicalKnowledge","业务事实/描述","人工维护/系统派生","按业务事件更新","普通变更历史","低/按记录继承","可选AI辅助","类型校验 + 必填/唯一性按业务配置","对应领域实体的结构化字段","否","长尾/视图字段"
"是否召开过风险评估会","1","是否召开过风险评估会","1","NEW项目风险会召开情况","Generic / Context-specific","业务事实/描述","人工维护/系统派生","按业务事件更新","普通变更历史","低/按记录继承","可选AI辅助","类型校验 + 必填/唯一性按业务配置","视图本地字段或CustomField；达到高频阈值后实体化","否","长尾/视图字段"
"是否申请专利","1","是否申请专利","1","IP事务管控表之风险管控表","ProtectionCase / FilingCase","业务事实/描述","人工维护/系统派生","按业务事件更新","普通变更历史","低/按记录继承","可选AI辅助","类型校验 + 必填/唯一性按业务配置","对应领域实体的结构化字段","否","长尾/视图字段"
"权利要求要素拆解","1","风险专利单条权利要求拆解要素1-N及其翻译","1","风险专利/前案检索特征比对表","ClaimAnalysis / Evidence / TechnicalFeature","业务事实/描述","人工维护/系统派生","按业务事件更新","普通变更历史","低/按记录继承","适合AI生成，必须保留模型/提示词/输入哈希/人工确认","类型校验 + 必填/唯一性按业务配置","对应领域实体的结构化字段","否","长尾/视图字段"
"权利要求逐条分析","1","权利要求逐条分析","1","分析结论表","ClaimAnalysis / Evidence / TechnicalFeature","专业判断/分析结论","专业人员人工判断（AI仅辅助）","按业务事件更新","强审计：旧值/新值/人/时间/原因/审批","高","AI可辅助，不得作为最终责任结论","类型校验 + 必填/唯一性按业务配置","对应领域实体的结构化字段","否","长尾/视图字段"
"样机证据事宜","1","样机证据事宜","1","风险会风险统计表","RiskCase / RiskAssessment / Mitigation","业务事实/描述","人工维护/系统派生","按业务事件更新","普通变更历史","低/按记录继承","可选AI辅助","类型校验 + 必填/唯一性按业务配置","对应领域实体的结构化字段","否","长尾/视图字段"
"检索命中文献","1","检索式找到的相关的专利号","1","检索策略记录","SearchCase / SearchStrategy / SearchRun","业务事实/描述","检索师 + 检索平台","按业务事件更新","普通变更历史","低/按记录继承","可选AI辅助","类型校验 + 必填/唯一性按业务配置","对应领域实体的结构化字段","否","长尾/视图字段"
"检索式","1","检索式","1","检索策略记录","SearchCase / SearchStrategy / SearchRun","业务事实/描述","检索师 + 检索平台","按业务事件更新","普通变更历史","低/按记录继承","可选AI辅助","类型校验 + 必填/唯一性按业务配置","对应领域实体的结构化字段","否","长尾/视图字段"
"检索数据库/数据源","1","选用的数据库平台/查询的数据眼","1","检索策略记录","SearchCase / SearchStrategy / SearchRun","业务事实/描述","检索师 + 检索平台","按业务事件更新","普通变更历史","低/按记录继承","可选AI辅助","类型校验 + 必填/唯一性按业务配置","对应领域实体的结构化字段","否","长尾/视图字段"
"检索时间","1","检索时间","1","检索策略记录","SearchCase / SearchStrategy / SearchRun","业务事实/描述","检索师 + 检索平台","按业务事件更新","普通变更历史","低/按记录继承","可选AI辅助","类型校验 + 必填/唯一性按业务配置","对应领域实体的结构化字段","否","长尾/视图字段"
"检索流程编号","1","检索流程TC号","1","检索结果表","SearchCase / SearchStrategy / SearchRun","标识/主数据","检索师 + 检索平台","按业务事件更新","普通变更历史","低/按记录继承","可选AI辅助","类型校验 + 必填/唯一性按业务配置","对应领域实体的结构化字段","否","长尾/视图字段"
"检索用途","1","用途（专利性评价/侵权风险排查）","1","检索结果表","SearchCase / SearchStrategy / SearchRun","业务事实/描述","检索师 + 检索平台","按业务事件更新","普通变更历史","低/按记录继承","可选AI辅助","枚举：专利性/侵权风险/FTO/技术调查/其他","对应领域实体的结构化字段","否","长尾/视图字段"
"检索策略来源","1","检索策略来源","1","检索结果表","SearchCase / SearchStrategy / SearchRun","业务事实/描述","检索师 + 检索平台","按业务事件更新","普通变更历史","低/按记录继承","可选AI辅助","类型校验 + 必填/唯一性按业务配置","对应领域实体的结构化字段","否","长尾/视图字段"
"检索结果数量","1","检索结果数量","1","检索策略记录","SearchCase / SearchStrategy / SearchRun","度量","检索师 + 检索平台","按业务事件更新","普通变更历史","低/按记录继承","可选AI辅助","类型校验 + 必填/唯一性按业务配置","对应领域实体的结构化字段","否","长尾/视图字段"
"检索要素","1","检索要素","1","检索策略记录","SearchCase / SearchStrategy / SearchRun","业务事实/描述","检索师 + 检索平台","按业务事件更新","普通变更历史","低/按记录继承","可选AI辅助","类型校验 + 必填/唯一性按业务配置","对应领域实体的结构化字段","否","长尾/视图字段"
"沟通人","1","沟通人","1","检索沟通记录","Meeting / Decision / Communication","业务事实/描述","人工维护/系统派生","按业务事件更新","普通变更历史","低/按记录继承","可选AI辅助","类型校验 + 必填/唯一性按业务配置","对应领域实体的结构化字段","否","长尾/视图字段"
"沟通时间","1","本次沟通时间","1","检索沟通记录","Meeting / Decision / Communication","业务事实/描述","人工维护/系统派生","按业务事件更新","普通变更历史","低/按记录继承","可选AI辅助","类型校验 + 必填/唯一性按业务配置","对应领域实体的结构化字段","否","长尾/视图字段"
"流程号","1","流程号","1","个人事务管控表","WorkItem / Worklog","业务事实/描述","个人录入 + 系统时间戳","按业务事件更新","普通变更历史","低/按记录继承","可选AI辅助","类型校验 + 必填/唯一性按业务配置","对应领域实体的结构化字段","否","长尾/视图字段"
"申请策略","1","申请策略","1","专利申请总表","ProtectionCase / FilingCase","业务事实/描述","人工维护/系统派生","按业务事件更新","强审计：旧值/新值/人/时间/原因/审批","高","可选AI辅助","类型校验 + 必填/唯一性按业务配置","对应领域实体的结构化字段","否","长尾/视图字段"
"继续历史产品具体方案点","1","继续历史产品具体方案点","1","IP事务管控表之风险管控表","Project / ProjectSolutionVersion","业务事实/描述","项目/研发/产品团队反馈","按业务事件更新","普通变更历史","高","可选AI辅助","类型校验 + 必填/唯一性按业务配置","对应领域实体的结构化字段","否","长尾/视图字段"
"规避状态","1","规避状态","1","风险会风险统计表","RiskCase / RiskAssessment / Mitigation","当前状态快照（应有事件历史）","人工维护/系统派生","高变化/事件驱动","普通变更历史","低/按记录继承","可选AI辅助","状态机","当前快照字段 + 状态事件表（双层）","否","关系/事件字段"
"证据原文出处","1","揭示特征对应原文出处","1","专利性文件清单","ClaimAnalysis / Evidence / TechnicalFeature","业务事实/描述","人工维护/系统派生","按业务事件更新","普通变更历史","低/按记录继承","可选AI辅助","类型校验 + 必填/唯一性按业务配置","对应领域实体的结构化字段","否","长尾/视图字段"
"证据附图","1","揭示处对应专利附图","1","专利性文件清单","ClaimAnalysis / Evidence / TechnicalFeature","引用/附件","人工维护/系统派生","按业务事件更新","普通变更历史","低/按记录继承","可选AI辅助","类型校验 + 必填/唯一性按业务配置","Attachment/Artifact实体 + 关联表","否","长尾/视图字段"
"调查主题","1","调查主题","1","技术主题专利调查表","TechnologyTaxonomy / TechnicalKnowledge","业务事实/描述","人工维护/系统派生","按业务事件更新","普通变更历史","低/按记录继承","可选AI辅助","类型校验 + 必填/唯一性按业务配置","对应领域实体的结构化字段","否","长尾/视图字段"
"调查备注","1","调查备注","1","技术主题专利调查表","Generic / Context-specific","业务事实/描述","人工维护/系统派生","按业务事件更新","普通变更历史","低/按记录继承","可选AI辅助","类型校验 + 必填/唯一性按业务配置","视图本地字段或CustomField；达到高频阈值后实体化","否","长尾/视图字段"
"问题专利结案与否","1","问题专利结案与否","1","IP事务管控表之风险管控表","RiskCase / RiskAssessment / Mitigation","业务事实/描述","人工维护/系统派生","按业务事件更新","强审计：旧值/新值/人/时间/原因/审批","低/按记录继承","可选AI辅助","类型校验 + 必填/唯一性按业务配置","对应领域实体的结构化字段","否","长尾/视图字段"
"项目","1","项目号-项目名称","1","个人事务管控表","Project / ProjectSolutionVersion","业务事实/描述","项目/研发/产品团队反馈","按业务事件更新","普通变更历史","低/按记录继承","可选AI辅助","类型校验 + 必填/唯一性按业务配置","对应领域实体的结构化字段","否","长尾/视图字段"
"项目阶段方案变动点","1","项目阶段方案变动点","1","IP事务管控表之风险管控表","Project / ProjectSolutionVersion","业务事实/描述","项目/研发/产品团队反馈","按业务事件更新","普通变更历史","高","可选AI辅助","类型校验 + 必填/唯一性按业务配置","对应领域实体的结构化字段","否","长尾/视图字段"
"预计出货时间","1","预计出货时间","1","项目进程表","Project / ProjectSolutionVersion","外部/业务事实","项目/研发/产品团队反馈","高变化/事件驱动","普通变更历史","低/按记录继承","可选AI辅助","类型校验 + 必填/唯一性按业务配置","对应领域实体的结构化字段","否","长尾/视图字段"
"预计耗时","1","预计完成耗时","1","待完成的任务","WorkItem / Worklog","度量","个人录入 + 系统时间戳","按业务事件更新","普通变更历史","低/按记录继承","可选AI辅助","类型校验 + 必填/唯一性按业务配置","对应领域实体的结构化字段","否","长尾/视图字段"
"预计销量","1","预计销量","1","IP事务管控表之风险管控表","Project / ProjectSolutionVersion","度量","项目/研发/产品团队反馈","按业务事件更新","普通变更历史","高","可选AI辅助","类型校验 + 必填/唯一性按业务配置","对应领域实体的结构化字段","否","长尾/视图字段"
"风险专利权利要求","1","风险专利权利要求内容","1","风险专利/前案检索特征比对表","ClaimAnalysis / Evidence / TechnicalFeature","业务事实/描述","人工维护/系统派生","按业务事件更新","普通变更历史","低/按记录继承","可选AI辅助","类型校验 + 必填/唯一性按业务配置","对应领域实体的结构化字段","否","长尾/视图字段"
"风险分析附件","1","报告号或风险相关附件","1","IP事务管控表之风险管控表","Artifact / Attachment / Report","引用/附件","人工维护/系统派生","按业务事件更新","普通变更历史","低/按记录继承","可选AI辅助","类型校验 + 必填/唯一性按业务配置","Attachment/Artifact实体 + 关联表","否","长尾/视图字段"
"风险处置情况","1","风险处置情况","1","项目风险情况","RiskCase / RiskAssessment / Mitigation","业务事实/描述","人工维护/系统派生","按业务事件更新","普通变更历史","低/按记录继承","可选AI辅助","类型校验 + 必填/唯一性按业务配置","对应领域实体的结构化字段","否","长尾/视图字段"
"风险排查时间","1","风险排查时间","1","IP事务管控表之风险管控表","RiskCase / RiskAssessment / Mitigation","业务事实/描述","人工维护/系统派生","按业务事件更新","普通变更历史","低/按记录继承","可选AI辅助","类型校验 + 必填/唯一性按业务配置","对应领域实体的结构化字段","否","长尾/视图字段"
"风险排查项目阶段","1","风险排查项目阶段","1","IP事务管控表之风险管控表","RiskCase / RiskAssessment / Mitigation","业务事实/描述","人工维护/系统派生","按业务事件更新","普通变更历史","低/按记录继承","可选AI辅助","类型校验 + 必填/唯一性按业务配置","对应领域实体的结构化字段","否","长尾/视图字段"
