"治理类型","典型字段","示例","校验","更新策略","审计/审批","敏感度","自动化/AI","实现原则"
"G1","标识字段","项目号/产品号/申请号/公开号","唯一/格式校验","确认后受限修改","修改需管理员+原因","低-中","不可AI生成","实体主键/业务键"
"G2","外部专利事实","申请日/优先权/法律状态/权利人","来源+抓取时间+原文证据","状态事件追加","来源审计","低","API/数据库自动同步","原始值+标准化值双存"
"G3","研发事实","项目阶段/方案版本/变更点/出货地","项目/研发确认","事件追加","变更历史","中-高","系统关联+人工确认","风险评估的重要输入"
"G4","专业分析","风险等级/冲突/claim chart","分析师签名确认","版本化，不覆盖","强审计+审批","高","AI仅辅助","责任结论必须有依据和版本"
"G5","正式决策","风险会结论/领导决策/法务意见","会议/审批确认","不可变，只能追加新决策","强审计","高","禁止AI代决策","需参与人/时间/依据"
"G6","AI加工","翻译/技术问题/方案/效果/摘要","Schema校验+人工复核","输入变化后outdated","AI provenance","中","AI生成","模型/提示词/输入哈希/成本/确认人"
"G7","临时过程","随手记/筛选备注/个人标签","弱校验","可编辑/可过期","普通历史","低-中","可AI辅助","适合ViewLocalField"
"G8","发布快照","月报/季报/对外分享","生成前校验","发布后冻结","发布/导出审计","按内容继承","AI可辅助排版摘要","引用源记录版本而非复制主数据"
"G9","附件证据","专利原文/邮件/PPT/样机图片","hash/版本/来源","追加版本","访问/下载/导出审计","高","AI仅做索引/摘要","对象存储+元数据+多实体关联"
